subscription_id,customer_id,plan_type,mrr,start_date,end_date,status,payment_status,billing_cycle
SUB000001,CUST00003,Professional,2999,2022-11-15,2023-01-22,Upgraded,Paid,Monthly
SUB000002,CUST00003,Enterprise,7999,2023-01-22,2023-07-13,Active,Failed,Annual
SUB000003,CUST00004,Professional,2999,2023-09-04,2024-05-01,Active,Paid,Annual
SUB000004,CUST00005,Basic,999,2023-09-03,2024-02-28,Upgraded,Paid,Annual
SUB000005,CUST00005,Professional,2999,2024-02-28,2024-11-26,Churned,Paid,Annual
SUB000006,CUST00008,Enterprise,7999,2022-06-23,2023-12-15,Active,Paid,Monthly
SUB000007,CUST00010,Professional,2999,2023-07-21,2023-10-24,Upgraded,Paid,Annual
SUB000008,CUST00010,Enterprise,7999,2023-10-24,2024-12-31,Active,Paid,Monthly
SUB000009,CUST00011,Basic,999,2023-06-09,2024-12-31,Active,Failed,Annual
SUB000010,CUST00012,Enterprise,7999,2023-01-01,2024-12-31,Active,Paid,Monthly
SUB000011,CUST00013,Enterprise,7999,2022-12-14,2024-01-08,Churned,Paid,Monthly
SUB000012,CUST00014,Basic,999,2023-08-19,2024-12-31,Active,Paid,Monthly
SUB000013,CUST00015,Basic,999,2023-07-28,2024-12-31,Active,Paid,Annual
SUB000014,CUST00016,Basic,999,2023-02-07,2024-10-29,Active,Paid,Annual
SUB000015,CUST00018,Professional,2999,2022-12-24,2023-05-09,Upgraded,Paid,Monthly
SUB000016,CUST00018,Enterprise,7999,2023-05-09,2023-11-19,Active,Paid,Monthly
SUB000017,CUST00019,Basic,999,2022-07-26,2024-12-31,Active,Paid,Annual
SUB000018,CUST00021,Professional,2999,2022-09-28,2024-12-31,Active,Paid,Monthly
SUB000019,CUST00022,Basic,999,2023-09-05,2024-06-01,Active,Paid,Monthly
SUB000020,CUST00024,Basic,999,2022-09-17,2022-12-14,Upgraded,Paid,Annual
SUB000021,CUST00024,Professional,2999,2022-12-14,2024-09-06,Churned,Paid,Annual
SUB000022,CUST00025,Professional,2999,2023-03-20,2023-06-18,Upgraded,Paid,Annual
SUB000023,CUST00025,Enterprise,7999,2023-06-18,2024-12-31,Active,Paid,Annual
SUB000024,CUST00026,Professional,2999,2022-03-03,2022-08-30,Active,Paid,Annual
SUB000025,CUST00028,Professional,2999,2023-05-19,2023-08-11,Upgraded,Paid,Annual
SUB000026,CUST00028,Enterprise,7999,2023-08-11,2024-12-31,Active,Paid,Annual
SUB000027,CUST00030,Basic,999,2023-02-05,2023-05-05,Upgraded,Paid,Monthly
SUB000028,CUST00030,Professional,2999,2023-05-05,2023-04-06,Churned,Paid,Monthly
SUB000029,CUST00031,Professional,2999,2023-02-12,2023-08-11,Active,Paid,Monthly
SUB000030,CUST00032,Basic,999,2023-11-22,2024-12-31,Active,Paid,Annual
SUB000031,CUST00034,Enterprise,7999,2022-06-22,2022-11-19,Churned,Pending,Monthly
SUB000032,CUST00035,Enterprise,7999,2023-06-06,2024-12-31,Active,Failed,Annual
SUB000033,CUST00036,Enterprise,7999,2022-02-14,2023-07-09,Active,Paid,Annual
SUB000034,CUST00037,Basic,999,2022-05-25,2023-09-17,Active,Paid,Monthly
SUB000035,CUST00039,Professional,2999,2023-09-11,2024-12-31,Active,Paid,Annual
SUB000036,CUST00040,Basic,999,2022-12-27,2023-11-22,Active,Paid,Annual
SUB000037,CUST00041,Basic,999,2022-04-28,2023-11-19,Churned,Paid,Annual
SUB000038,CUST00043,Basic,999,2022-04-29,2024-08-16,Active,Paid,Monthly
SUB000039,CUST00044,Enterprise,7999,2023-07-18,2024-12-31,Active,Pending,Annual
SUB000040,CUST00047,Basic,999,2022-06-04,2024-11-20,Active,Paid,Monthly
SUB000041,CUST00048,Professional,2999,2023-03-11,2024-02-04,Churned,Paid,Monthly
SUB000042,CUST00049,Professional,2999,2023-11-29,2024-08-25,Active,Paid,Monthly
SUB000043,CUST00050,Basic,999,2022-06-26,2023-02-21,Active,Paid,Annual
SUB000044,CUST00051,Enterprise,7999,2022-04-16,2022-07-15,Churned,Paid,Annual
SUB000045,CUST00052,Professional,2999,2023-05-10,2024-07-03,Active,Paid,Monthly
SUB000046,CUST00053,Enterprise,7999,2022-10-07,2024-12-31,Active,Paid,Monthly
SUB000047,CUST00054,Enterprise,7999,2023-01-10,2024-04-04,Churned,Paid,Monthly
SUB000048,CUST00057,Basic,999,2023-02-28,2024-11-19,Active,Paid,Annual
SUB000049,CUST00058,Basic,999,2023-11-09,2024-08-05,Active,Paid,Monthly
SUB000050,CUST00059,Basic,999,2022-04-12,2022-07-11,Churned,Paid,Monthly
SUB000051,CUST00061,Basic,999,2023-12-15,2024-12-31,Active,Paid,Monthly
SUB000052,CUST00062,Basic,999,2023-07-30,2024-01-26,Churned,Paid,Monthly
SUB000053,CUST00063,Enterprise,7999,2023-02-10,2024-12-31,Active,Pending,Monthly
SUB000054,CUST00064,Basic,999,2022-12-20,2024-12-31,Active,Paid,Monthly
SUB000055,CUST00065,Basic,999,2023-10-14,2024-04-04,Upgraded,Paid,Annual
SUB000056,CUST00065,Professional,2999,2024-04-04,2024-12-31,Active,Failed,Monthly
SUB000057,CUST00066,Professional,2999,2023-06-11,2024-05-06,Churned,Failed,Monthly
SUB000058,CUST00067,Basic,999,2023-07-25,2024-12-31,Active,Paid,Annual
SUB000059,CUST00069,Basic,999,2023-10-21,2024-12-31,Active,Paid,Monthly
SUB000060,CUST00072,Basic,999,2023-10-20,2024-12-31,Active,Failed,Monthly
SUB000061,CUST00073,Basic,999,2023-12-24,2024-01-23,Churned,Paid,Annual
SUB000062,CUST00074,Enterprise,7999,2022-11-02,2024-12-21,Active,Paid,Monthly
SUB000063,CUST00075,Professional,2999,2022-09-11,2022-12-17,Upgraded,Paid,Monthly
SUB000064,CUST00075,Enterprise,7999,2022-12-17,2023-04-09,Churned,Failed,Annual
SUB000065,CUST00078,Basic,999,2022-04-29,2023-07-23,Active,Paid,Annual
SUB000066,CUST00079,Basic,999,2023-10-31,2024-12-31,Active,Paid,Annual
SUB000067,CUST00083,Basic,999,2022-07-14,2023-08-08,Churned,Paid,Annual
SUB000068,CUST00084,Basic,999,2024-01-09,2024-12-31,Active,Paid,Monthly
SUB000069,CUST00087,Professional,2999,2022-03-17,2022-08-20,Upgraded,Paid,Monthly
SUB000070,CUST00087,Enterprise,7999,2022-08-20,2024-03-06,Active,Paid,Monthly
SUB000071,CUST00088,Professional,2999,2022-12-25,2024-12-31,Active,Paid,Monthly
SUB000072,CUST00089,Enterprise,7999,2022-03-08,2024-10-23,Active,Paid,Annual
SUB000073,CUST00090,Professional,2999,2022-11-20,2024-12-31,Active,Paid,Annual
SUB000074,CUST00091,Basic,999,2023-01-24,2024-02-18,Active,Paid,Monthly
SUB000075,CUST00093,Professional,2999,2023-04-16,2024-12-31,Active,Paid,Monthly
SUB000076,CUST00095,Professional,2999,2022-09-17,2022-12-07,Upgraded,Paid,Monthly
SUB000077,CUST00095,Enterprise,7999,2022-12-07,2023-12-11,Churned,Paid,Monthly
SUB000078,CUST00098,Basic,999,2023-08-11,2024-01-05,Upgraded,Paid,Annual
SUB000079,CUST00098,Professional,2999,2024-01-05,2024-10-04,Churned,Paid,Monthly
SUB000080,CUST00099,Basic,999,2023-12-24,2024-05-08,Upgraded,Paid,Annual
SUB000081,CUST00099,Professional,2999,2024-05-08,2024-12-31,Active,Paid,Annual
SUB000082,CUST00100,Basic,999,2022-07-27,2024-12-31,Active,Paid,Monthly
SUB000083,CUST00101,Basic,999,2022-07-07,2023-12-29,Active,Pending,Annual
SUB000084,CUST00104,Professional,2999,2023-09-28,2024-12-31,Active,Paid,Annual
SUB000085,CUST00105,Enterprise,7999,2023-02-08,2023-07-08,Churned,Paid,Monthly
SUB000086,CUST00106,Basic,999,2023-10-14,2024-12-31,Active,Paid,Annual
SUB000087,CUST00108,Professional,2999,2022-09-25,2024-12-31,Active,Paid,Annual
SUB000088,CUST00109,Basic,999,2023-06-04,2024-12-31,Active,Paid,Annual
SUB000089,CUST00110,Basic,999,2023-09-18,2024-06-14,Churned,Paid,Annual
SUB000090,CUST00111,Basic,999,2022-06-09,2023-05-05,Churned,Paid,Monthly
SUB000091,CUST00112,Basic,999,2022-09-24,2024-12-31,Active,Paid,Annual
SUB000092,CUST00114,Enterprise,7999,2023-11-07,2024-09-02,Churned,Paid,Annual
SUB000093,CUST00115,Professional,2999,2022-09-27,2023-03-17,Upgraded,Paid,Monthly
SUB000094,CUST00115,Enterprise,7999,2023-03-17,2024-12-15,Active,Paid,Monthly
SUB000095,CUST00118,Basic,999,2023-11-22,2024-12-31,Active,Paid,Annual
SUB000096,CUST00119,Enterprise,7999,2022-01-31,2023-03-27,Churned,Failed,Monthly
SUB000097,CUST00120,Professional,2999,2023-05-03,2023-11-29,Churned,Paid,Annual
SUB000098,CUST00121,Enterprise,7999,2022-11-14,2024-12-31,Active,Paid,Annual
SUB000099,CUST00122,Enterprise,7999,2023-12-15,2024-12-31,Active,Paid,Monthly
SUB000100,CUST00123,Basic,999,2023-08-04,2024-12-31,Active,Pending,Monthly
SUB000101,CUST00124,Basic,999,2022-07-06,2023-02-01,Churned,Paid,Monthly
SUB000102,CUST00126,Basic,999,2023-04-22,2023-06-21,Churned,Pending,Monthly
SUB000103,CUST00128,Enterprise,7999,2023-09-22,2024-12-15,Churned,Paid,Monthly
SUB000104,CUST00134,Basic,999,2023-04-20,2024-05-14,Active,Paid,Annual
SUB000105,CUST00135,Enterprise,7999,2022-12-06,2024-03-30,Churned,Paid,Annual
SUB000106,CUST00136,Basic,999,2022-08-05,2024-12-31,Active,Paid,Monthly
SUB000107,CUST00139,Basic,999,2022-04-28,2022-10-14,Upgraded,Paid,Monthly
SUB000108,CUST00139,Professional,2999,2022-10-14,2023-10-20,Active,Paid,Monthly
SUB000109,CUST00140,Enterprise,7999,2022-09-20,2024-12-08,Active,Paid,Annual
SUB000110,CUST00141,Enterprise,7999,2023-02-13,2024-12-31,Active,Paid,Monthly
SUB000111,CUST00143,Professional,2999,2023-01-12,2023-11-08,Active,Failed,Monthly
SUB000112,CUST00144,Basic,999,2023-09-05,2024-12-31,Active,Paid,Annual
SUB000113,CUST00145,Basic,999,2022-11-07,2024-12-31,Active,Failed,Annual
SUB000114,CUST00146,Basic,999,2023-12-27,2024-12-31,Active,Paid,Annual
SUB000115,CUST00150,Basic,999,2023-03-02,2023-12-27,Churned,Paid,Annual
SUB000116,CUST00151,Enterprise,7999,2022-10-21,2023-04-19,Active,Failed,Annual
SUB000117,CUST00152,Basic,999,2022-01-20,2024-02-09,Active,Paid,Annual
SUB000118,CUST00154,Professional,2999,2024-01-03,2024-04-07,Upgraded,Paid,Annual
SUB000119,CUST00154,Enterprise,7999,2024-04-07,2024-12-31,Active,Paid,Annual
SUB000120,CUST00155,Enterprise,7999,2022-03-19,2024-02-07,Churned,Paid,Annual
SUB000121,CUST00156,Basic,999,2023-10-03,2024-12-31,Active,Paid,Monthly
SUB000122,CUST00158,Professional,2999,2022-11-09,2024-12-31,Active,Paid,Annual
SUB000123,CUST00160,Professional,2999,2023-10-03,2023-12-05,Upgraded,Paid,Annual
SUB000124,CUST00160,Enterprise,7999,2023-12-05,2024-12-31,Active,Paid,Annual
SUB000125,CUST00161,Basic,999,2023-01-15,2024-03-10,Churned,Paid,Monthly
SUB000126,CUST00162,Professional,2999,2022-08-22,2024-08-11,Active,Pending,Annual
SUB000127,CUST00163,Professional,2999,2023-11-11,2024-12-05,Active,Paid,Annual
SUB000128,CUST00164,Professional,2999,2022-08-11,2024-10-29,Active,Failed,Annual
SUB000129,CUST00165,Basic,999,2023-10-22,2024-12-31,Active,Paid,Monthly
SUB000130,CUST00166,Enterprise,7999,2022-09-25,2024-06-16,Active,Paid,Annual
SUB000131,CUST00168,Basic,999,2023-11-25,2024-12-31,Active,Paid,Monthly
SUB000132,CUST00170,Professional,2999,2022-06-02,2024-12-31,Active,Paid,Monthly
SUB000133,CUST00172,Basic,999,2022-04-29,2022-12-25,Churned,Failed,Annual
SUB000134,CUST00173,Professional,2999,2023-10-28,2024-12-31,Active,Paid,Annual
SUB000135,CUST00174,Basic,999,2023-11-04,2024-12-31,Active,Paid,Annual
SUB000136,CUST00175,Professional,2999,2022-03-12,2023-12-02,Churned,Paid,Monthly
SUB000137,CUST00176,Basic,999,2022-11-27,2023-11-22,Active,Paid,Annual
SUB000138,CUST00181,Basic,999,2022-06-12,2022-11-28,Upgraded,Paid,Monthly
SUB000139,CUST00181,Professional,2999,2022-11-28,2024-01-03,Active,Failed,Monthly
SUB000140,CUST00182,Basic,999,2022-05-03,2023-08-26,Active,Failed,Annual
SUB000141,CUST00183,Enterprise,7999,2022-11-23,2024-10-13,Churned,Paid,Monthly
SUB000142,CUST00184,Enterprise,7999,2022-12-21,2024-12-31,Active,Paid,Annual
SUB000143,CUST00185,Basic,999,2023-03-26,2023-09-22,Active,Paid,Monthly
SUB000144,CUST00186,Professional,2999,2022-07-18,2023-06-13,Active,Paid,Monthly
SUB000145,CUST00187,Enterprise,7999,2022-08-08,2024-12-31,Active,Pending,Monthly
SUB000146,CUST00188,Professional,2999,2022-05-30,2024-07-18,Active,Paid,Annual
SUB000147,CUST00191,Basic,999,2023-07-09,2023-11-14,Upgraded,Paid,Monthly
SUB000148,CUST00191,Professional,2999,2023-11-14,2024-12-30,Active,Paid,Annual
SUB000149,CUST00194,Professional,2999,2022-07-18,2024-12-31,Active,Paid,Monthly
SUB000150,CUST00195,Basic,999,2022-10-01,2022-10-31,Churned,Pending,Monthly
SUB000151,CUST00196,Basic,999,2023-05-17,2024-05-11,Churned,Paid,Monthly
SUB000152,CUST00199,Enterprise,7999,2022-05-24,2024-05-13,Active,Paid,Monthly
SUB000153,CUST00200,Professional,2999,2023-05-02,2024-07-25,Active,Paid,Annual
SUB000154,CUST00201,Professional,2999,2022-04-02,2024-04-21,Active,Paid,Annual
SUB000155,CUST00202,Basic,999,2022-06-07,2023-04-03,Active,Paid,Annual
SUB000156,CUST00203,Basic,999,2022-08-29,2023-02-21,Upgraded,Paid,Annual
SUB000157,CUST00203,Professional,2999,2023-02-21,2023-08-24,Active,Paid,Monthly
SUB000158,CUST00209,Basic,999,2022-05-01,2024-04-20,Churned,Paid,Monthly
SUB000159,CUST00210,Basic,999,2023-03-10,2024-12-31,Active,Paid,Monthly
SUB000160,CUST00211,Professional,2999,2022-01-23,2024-03-13,Active,Paid,Annual
SUB000161,CUST00213,Professional,2999,2023-08-03,2024-09-26,Active,Paid,Monthly
SUB000162,CUST00215,Professional,2999,2023-04-30,2023-11-26,Active,Paid,Monthly
SUB000163,CUST00216,Basic,999,2023-02-03,2023-06-03,Churned,Paid,Annual
SUB000164,CUST00217,Basic,999,2023-12-04,2024-08-30,Churned,Paid,Monthly
SUB000165,CUST00218,Professional,2999,2023-12-14,2024-12-31,Active,Paid,Annual
SUB000166,CUST00221,Professional,2999,2023-02-06,2023-11-03,Active,Failed,Annual
SUB000167,CUST00222,Professional,2999,2023-11-08,2024-04-22,Upgraded,Paid,Monthly
SUB000168,CUST00222,Enterprise,7999,2024-04-22,2024-12-31,Active,Paid,Monthly
SUB000169,CUST00223,Basic,999,2023-02-01,2023-04-27,Upgraded,Paid,Monthly
SUB000170,CUST00223,Professional,2999,2023-04-27,2024-12-31,Active,Paid,Annual
SUB000171,CUST00224,Basic,999,2022-05-05,2023-04-30,Active,Paid,Annual
SUB000172,CUST00225,Basic,999,2023-12-23,2024-07-20,Active,Paid,Monthly
SUB000173,CUST00227,Enterprise,7999,2023-05-15,2024-12-31,Active,Paid,Monthly
SUB000174,CUST00228,Basic,999,2022-02-20,2022-05-21,Churned,Paid,Annual
SUB000175,CUST00229,Enterprise,7999,2023-10-23,2024-01-21,Churned,Paid,Monthly
SUB000176,CUST00230,Professional,2999,2023-08-26,2024-05-22,Active,Paid,Monthly
SUB000177,CUST00231,Professional,2999,2022-12-19,2024-03-13,Active,Paid,Monthly
SUB000178,CUST00232,Professional,2999,2023-10-01,2024-03-29,Churned,Paid,Annual
SUB000179,CUST00233,Professional,2999,2022-08-31,2024-11-18,Active,Paid,Monthly
SUB000180,CUST00234,Professional,2999,2023-11-06,2024-01-22,Upgraded,Paid,Monthly
SUB000181,CUST00234,Enterprise,7999,2024-01-22,2024-01-05,Churned,Paid,Annual
SUB000182,CUST00235,Basic,999,2022-04-03,2023-11-24,Active,Paid,Annual
SUB000183,CUST00236,Professional,2999,2023-11-05,2024-07-02,Active,Paid,Annual
SUB000184,CUST00237,Basic,999,2023-05-05,2024-05-29,Churned,Pending,Annual
SUB000185,CUST00239,Professional,2999,2022-11-22,2023-12-17,Churned,Paid,Annual
SUB000186,CUST00240,Basic,999,2023-11-11,2024-12-31,Active,Paid,Monthly
SUB000187,CUST00241,Enterprise,7999,2023-03-03,2024-12-31,Active,Paid,Monthly
SUB000188,CUST00242,Enterprise,7999,2022-05-24,2023-12-15,Churned,Failed,Annual
SUB000189,CUST00243,Enterprise,7999,2022-06-18,2023-07-13,Churned,Paid,Monthly
SUB000190,CUST00246,Enterprise,7999,2022-12-05,2024-12-31,Active,Paid,Monthly
SUB000191,CUST00247,Basic,999,2023-06-17,2023-10-07,Upgraded,Paid,Annual
SUB000192,CUST00247,Professional,2999,2023-10-07,2024-12-31,Active,Failed,Monthly
SUB000193,CUST00248,Enterprise,7999,2022-05-19,2024-02-08,Churned,Failed,Monthly
SUB000194,CUST00250,Enterprise,7999,2022-09-20,2024-12-08,Active,Paid,Monthly
SUB000195,CUST00251,Basic,999,2023-07-13,2024-12-31,Active,Paid,Annual
SUB000196,CUST00252,Basic,999,2022-06-06,2024-07-25,Active,Paid,Monthly
SUB000197,CUST00253,Enterprise,7999,2023-03-01,2023-08-28,Churned,Paid,Annual
SUB000198,CUST00254,Basic,999,2023-05-08,2023-10-11,Upgraded,Paid,Annual
SUB000199,CUST00254,Professional,2999,2023-10-11,2024-12-31,Active,Paid,Annual
SUB000200,CUST00255,Basic,999,2023-02-03,2023-05-02,Upgraded,Paid,Annual
SUB000201,CUST00255,Professional,2999,2023-05-02,2023-10-31,Churned,Paid,Annual
SUB000202,CUST00256,Professional,2999,2023-12-11,2024-08-07,Active,Paid,Annual
SUB000203,CUST00258,Professional,2999,2023-08-06,2024-11-28,Churned,Paid,Monthly
SUB000204,CUST00259,Professional,2999,2023-03-26,2024-12-31,Active,Paid,Monthly
SUB000205,CUST00261,Professional,2999,2022-06-19,2023-01-15,Active,Paid,Monthly
SUB000206,CUST00262,Enterprise,7999,2023-03-17,2024-12-31,Active,Paid,Annual
SUB000207,CUST00263,Basic,999,2023-11-21,2024-12-31,Active,Paid,Annual
SUB000208,CUST00264,Professional,2999,2022-04-24,2023-09-16,Active,Failed,Monthly
SUB000209,CUST00266,Professional,2999,2023-10-15,2024-12-31,Active,Paid,Annual
SUB000210,CUST00267,Professional,2999,2023-03-08,2024-07-30,Active,Paid,Monthly
SUB000211,CUST00268,Professional,2999,2022-10-28,2024-08-18,Churned,Failed,Annual
SUB000212,CUST00269,Basic,999,2022-02-19,2024-04-09,Active,Paid,Annual
SUB000213,CUST00271,Enterprise,7999,2023-01-26,2024-06-19,Active,Paid,Monthly
SUB000214,CUST00272,Enterprise,7999,2022-09-01,2024-05-23,Active,Failed,Annual
SUB000215,CUST00274,Enterprise,7999,2023-04-25,2024-12-15,Churned,Paid,Monthly
SUB000216,CUST00278,Professional,2999,2023-12-27,2024-12-31,Active,Paid,Monthly
SUB000217,CUST00279,Professional,2999,2023-01-23,2023-10-20,Active,Paid,Monthly
SUB000218,CUST00281,Enterprise,7999,2023-11-06,2024-12-31,Active,Paid,Monthly
SUB000219,CUST00282,Basic,999,2023-01-18,2024-09-09,Active,Paid,Monthly
SUB000220,CUST00285,Professional,2999,2022-11-06,2023-05-05,Active,Failed,Monthly
SUB000221,CUST00286,Basic,999,2022-07-23,2024-02-13,Active,Paid,Annual
SUB000222,CUST00287,Professional,2999,2022-05-27,2024-11-12,Active,Paid,Monthly
SUB000223,CUST00290,Professional,2999,2023-12-04,2024-10-29,Active,Paid,Monthly
SUB000224,CUST00291,Basic,999,2022-09-05,2024-06-26,Churned,Paid,Annual
SUB000225,CUST00293,Enterprise,7999,2023-10-25,2024-12-31,Active,Paid,Monthly
SUB000226,CUST00294,Basic,999,2023-09-19,2024-08-14,Churned,Paid,Annual
SUB000227,CUST00296,Professional,2999,2022-03-21,2023-01-15,Active,Paid,Annual
SUB000228,CUST00297,Professional,2999,2023-01-03,2024-11-23,Active,Paid,Monthly
SUB000229,CUST00298,Basic,999,2022-10-03,2024-05-25,Churned,Paid,Annual
SUB000230,CUST00299,Professional,2999,2022-05-17,2023-03-13,Active,Paid,Monthly
SUB000231,CUST00301,Basic,999,2022-08-12,2024-11-29,Active,Paid,Monthly
SUB000232,CUST00303,Professional,2999,2023-08-21,2024-12-31,Active,Paid,Annual
SUB000233,CUST00304,Professional,2999,2022-08-29,2024-12-31,Active,Paid,Annual
SUB000234,CUST00305,Professional,2999,2023-09-17,2024-12-31,Active,Paid,Monthly
SUB000235,CUST00306,Enterprise,7999,2022-08-23,2023-01-20,Churned,Paid,Monthly
SUB000236,CUST00307,Professional,2999,2022-09-18,2023-03-17,Churned,Paid,Annual
SUB000237,CUST00308,Basic,999,2022-12-16,2023-02-14,Churned,Pending,Annual
SUB000238,CUST00309,Professional,2999,2022-06-18,2022-11-29,Upgraded,Paid,Annual
SUB000239,CUST00309,Enterprise,7999,2022-11-29,2023-12-10,Churned,Paid,Monthly
SUB000240,CUST00310,Basic,999,2023-09-19,2024-12-31,Active,Paid,Monthly
SUB000241,CUST00314,Enterprise,7999,2022-06-13,2024-05-03,Active,Paid,Annual
SUB000242,CUST00315,Enterprise,7999,2023-07-18,2024-02-13,Active,Paid,Annual
SUB000243,CUST00317,Basic,999,2022-07-20,2024-12-31,Active,Paid,Annual
SUB000244,CUST00318,Basic,999,2022-05-07,2022-08-07,Upgraded,Paid,Monthly
SUB000245,CUST00318,Professional,2999,2022-08-07,2022-12-03,Active,Paid,Annual
SUB000246,CUST00321,Professional,2999,2022-06-13,2024-12-31,Active,Paid,Annual
SUB000247,CUST00322,Professional,2999,2022-01-29,2023-12-20,Active,Failed,Monthly
SUB000248,CUST00324,Basic,999,2022-09-15,2023-01-10,Upgraded,Paid,Monthly
SUB000249,CUST00324,Professional,2999,2023-01-10,2024-12-31,Active,Failed,Monthly
SUB000250,CUST00328,Professional,2999,2022-07-17,2023-01-13,Churned,Paid,Monthly
SUB000251,CUST00329,Basic,999,2022-10-20,2024-05-12,Active,Paid,Annual
SUB000252,CUST00331,Basic,999,2022-06-06,2023-12-28,Churned,Paid,Monthly
SUB000253,CUST00333,Basic,999,2023-07-09,2024-12-31,Active,Paid,Monthly
SUB000254,CUST00334,Basic,999,2022-05-12,2023-04-07,Churned,Paid,Annual
SUB000255,CUST00339,Professional,2999,2023-06-20,2024-12-31,Active,Paid,Monthly
SUB000256,CUST00342,Professional,2999,2023-04-25,2024-08-17,Active,Paid,Monthly
SUB000257,CUST00343,Basic,999,2023-06-13,2024-12-31,Active,Paid,Annual
SUB000258,CUST00344,Basic,999,2022-09-02,2022-11-29,Upgraded,Paid,Monthly
SUB000259,CUST00344,Professional,2999,2022-11-29,2024-02-24,Active,Paid,Annual
SUB000260,CUST00345,Basic,999,2023-10-09,2024-12-31,Active,Paid,Annual
SUB000261,CUST00347,Professional,2999,2023-11-14,2024-12-31,Active,Paid,Monthly
SUB000262,CUST00348,Basic,999,2023-07-13,2024-07-07,Churned,Paid,Monthly
SUB000263,CUST00349,Basic,999,2022-11-19,2024-12-31,Active,Paid,Annual
SUB000264,CUST00350,Professional,2999,2023-05-15,2023-08-15,Upgraded,Paid,Annual
SUB000265,CUST00350,Enterprise,7999,2023-08-15,2024-12-31,Active,Paid,Monthly
SUB000266,CUST00351,Professional,2999,2023-11-01,2024-12-31,Active,Failed,Annual
SUB000267,CUST00352,Enterprise,7999,2022-02-08,2023-05-04,Active,Paid,Monthly
SUB000268,CUST00354,Basic,999,2023-05-30,2024-01-25,Active,Paid,Monthly
SUB000269,CUST00355,Basic,999,2023-03-13,2024-12-31,Active,Paid,Monthly
SUB000270,CUST00356,Professional,2999,2023-04-07,2024-04-01,Active,Paid,Monthly
SUB000271,CUST00358,Professional,2999,2022-05-11,2023-12-02,Active,Paid,Monthly
SUB000272,CUST00362,Professional,2999,2022-04-03,2024-07-21,Active,Paid,Annual
SUB000273,CUST00364,Professional,2999,2022-12-15,2023-05-11,Upgraded,Paid,Monthly
SUB000274,CUST00364,Enterprise,7999,2023-05-11,2024-12-31,Active,Paid,Monthly
SUB000275,CUST00366,Basic,999,2022-06-15,2022-08-23,Upgraded,Paid,Monthly
SUB000276,CUST00366,Professional,2999,2022-08-23,2023-10-08,Active,Paid,Monthly
SUB000277,CUST00367,Enterprise,7999,2022-03-31,2024-02-19,Active,Paid,Monthly
SUB000278,CUST00368,Enterprise,7999,2022-06-03,2023-12-25,Active,Paid,Annual
SUB000279,CUST00369,Basic,999,2022-11-05,2023-05-04,Active,Paid,Monthly
SUB000280,CUST00371,Basic,999,2023-10-28,2024-12-31,Active,Paid,Monthly
SUB000281,CUST00372,Basic,999,2023-09-07,2024-02-22,Upgraded,Paid,Monthly
SUB000282,CUST00372,Professional,2999,2024-02-22,2024-12-31,Active,Paid,Annual
SUB000283,CUST00373,Basic,999,2023-08-07,2024-05-03,Active,Paid,Annual
SUB000284,CUST00378,Basic,999,2023-07-19,2024-10-11,Active,Paid,Annual
SUB000285,CUST00379,Enterprise,7999,2022-11-10,2024-12-31,Active,Paid,Annual
SUB000286,CUST00381,Basic,999,2023-06-20,2023-10-08,Upgraded,Paid,Annual
SUB000287,CUST00381,Professional,2999,2023-10-08,2024-02-15,Churned,Paid,Monthly
SUB000288,CUST00382,Professional,2999,2023-09-24,2024-12-31,Active,Failed,Annual
SUB000289,CUST00383,Professional,2999,2023-03-28,2023-09-24,Active,Paid,Monthly
SUB000290,CUST00384,Enterprise,7999,2022-05-12,2022-06-11,Churned,Paid,Annual
SUB000291,CUST00385,Professional,2999,2024-01-13,2024-04-08,Upgraded,Paid,Annual
SUB000292,CUST00385,Enterprise,7999,2024-04-08,2024-12-31,Active,Paid,Monthly
SUB000293,CUST00387,Basic,999,2023-11-14,2024-12-31,Active,Paid,Monthly
SUB000294,CUST00388,Basic,999,2023-11-22,2024-07-19,Churned,Failed,Annual
SUB000295,CUST00389,Professional,2999,2023-08-15,2024-02-11,Churned,Paid,Monthly
SUB000296,CUST00391,Enterprise,7999,2023-04-09,2024-12-31,Active,Paid,Annual
SUB000297,CUST00394,Professional,2999,2023-03-28,2023-11-23,Active,Paid,Monthly
SUB000298,CUST00399,Professional,2999,2022-05-05,2022-12-01,Churned,Paid,Annual
SUB000299,CUST00400,Professional,2999,2022-12-01,2023-04-23,Upgraded,Paid,Monthly
SUB000300,CUST00400,Enterprise,7999,2023-04-23,2024-04-24,Active,Paid,Monthly
SUB000301,CUST00401,Basic,999,2023-03-23,2023-11-18,Active,Failed,Annual
SUB000302,CUST00402,Enterprise,7999,2022-12-16,2024-04-09,Active,Paid,Annual
SUB000303,CUST00404,Enterprise,7999,2022-09-26,2023-07-23,Active,Paid,Annual
SUB000304,CUST00409,Enterprise,7999,2022-03-18,2024-12-31,Active,Failed,Monthly
SUB000305,CUST00410,Basic,999,2022-04-30,2024-11-15,Active,Paid,Annual
SUB000306,CUST00411,Basic,999,2022-04-25,2022-09-25,Upgraded,Paid,Annual
SUB000307,CUST00411,Professional,2999,2022-09-25,2023-04-20,Churned,Paid,Annual
SUB000308,CUST00412,Enterprise,7999,2022-05-04,2023-09-26,Active,Paid,Annual
SUB000309,CUST00413,Enterprise,7999,2023-04-14,2024-03-09,Active,Paid,Monthly
SUB000310,CUST00414,Professional,2999,2022-05-01,2024-12-31,Active,Paid,Monthly
SUB000311,CUST00416,Basic,999,2022-06-05,2022-08-13,Upgraded,Paid,Monthly
SUB000312,CUST00416,Professional,2999,2022-08-13,2024-02-25,Churned,Paid,Monthly
SUB000313,CUST00417,Basic,999,2023-07-31,2024-12-31,Active,Paid,Monthly
SUB000314,CUST00419,Professional,2999,2023-09-17,2024-12-31,Active,Paid,Annual
SUB000315,CUST00420,Professional,2999,2023-08-23,2024-06-18,Active,Paid,Monthly
SUB000316,CUST00422,Professional,2999,2022-12-11,2024-11-30,Active,Paid,Annual
SUB000317,CUST00424,Professional,2999,2022-05-29,2023-10-21,Churned,Paid,Annual
SUB000318,CUST00426,Professional,2999,2023-01-13,2023-07-12,Active,Paid,Monthly
SUB000319,CUST00427,Basic,999,2023-12-07,2024-10-02,Active,Paid,Monthly
SUB000320,CUST00428,Enterprise,7999,2023-03-26,2024-12-31,Active,Paid,Monthly
SUB000321,CUST00430,Basic,999,2022-11-14,2024-08-05,Active,Paid,Monthly
SUB000322,CUST00431,Basic,999,2023-10-06,2024-12-31,Active,Paid,Annual
SUB000323,CUST00434,Basic,999,2022-04-29,2022-11-25,Active,Paid,Annual
SUB000324,CUST00436,Professional,2999,2023-06-14,2024-12-31,Active,Paid,Monthly
SUB000325,CUST00437,Basic,999,2022-08-29,2024-05-20,Churned,Paid,Annual
SUB000326,CUST00438,Enterprise,7999,2022-06-19,2023-08-13,Active,Paid,Monthly
SUB000327,CUST00441,Basic,999,2022-09-13,2024-03-06,Active,Paid,Monthly
SUB000328,CUST00442,Enterprise,7999,2022-05-14,2023-11-05,Active,Paid,Monthly
SUB000329,CUST00443,Basic,999,2023-01-09,2024-06-02,Active,Paid,Annual
SUB000330,CUST00446,Enterprise,7999,2022-05-17,2024-02-06,Active,Failed,Monthly
SUB000331,CUST00449,Basic,999,2022-09-08,2023-07-05,Active,Paid,Monthly
SUB000332,CUST00450,Basic,999,2023-04-06,2024-12-26,Churned,Paid,Monthly
SUB000333,CUST00451,Professional,2999,2023-08-23,2024-08-17,Churned,Paid,Monthly
SUB000334,CUST00454,Enterprise,7999,2023-12-07,2024-12-31,Active,Paid,Monthly
SUB000335,CUST00456,Professional,2999,2023-08-22,2024-12-31,Active,Paid,Monthly
SUB000336,CUST00457,Basic,999,2022-02-05,2022-04-11,Upgraded,Paid,Monthly
SUB000337,CUST00457,Professional,2999,2022-04-11,2023-08-29,Active,Paid,Monthly
SUB000338,CUST00460,Basic,999,2023-12-20,2024-05-01,Upgraded,Paid,Monthly
SUB000339,CUST00460,Professional,2999,2024-05-01,2024-12-31,Active,Paid,Monthly
SUB000340,CUST00461,Basic,999,2022-10-10,2023-04-08,Churned,Paid,Annual
SUB000341,CUST00462,Professional,2999,2022-02-18,2024-02-08,Active,Paid,Annual
SUB000342,CUST00463,Professional,2999,2022-07-23,2023-07-18,Active,Paid,Annual
SUB000343,CUST00464,Professional,2999,2022-10-26,2023-09-21,Active,Paid,Annual
SUB000344,CUST00465,Enterprise,7999,2024-01-14,2024-12-31,Active,Paid,Monthly
SUB000345,CUST00467,Basic,999,2022-12-22,2024-10-12,Active,Paid,Annual
SUB000346,CUST00470,Enterprise,7999,2022-08-03,2024-08-22,Active,Paid,Monthly
SUB000347,CUST00471,Basic,999,2022-06-08,2022-09-01,Upgraded,Paid,Annual
SUB000348,CUST00471,Professional,2999,2022-09-01,2023-04-04,Active,Paid,Monthly
SUB000349,CUST00473,Basic,999,2023-11-27,2024-10-22,Active,Failed,Monthly
SUB000350,CUST00478,Professional,2999,2022-02-11,2024-01-02,Active,Failed,Monthly
SUB000351,CUST00479,Enterprise,7999,2022-04-27,2024-02-16,Churned,Paid,Monthly
SUB000352,CUST00480,Professional,2999,2023-07-06,2024-12-31,Active,Paid,Annual
SUB000353,CUST00481,Professional,2999,2022-08-23,2024-01-15,Active,Paid,Annual
SUB000354,CUST00482,Professional,2999,2023-02-03,2024-05-28,Churned,Paid,Annual
SUB000355,CUST00483,Professional,2999,2023-04-04,2024-12-31,Active,Paid,Monthly
SUB000356,CUST00485,Professional,2999,2023-01-07,2024-03-02,Active,Paid,Monthly
SUB000357,CUST00486,Enterprise,7999,2022-06-26,2023-02-21,Active,Failed,Annual
SUB000358,CUST00487,Basic,999,2023-01-22,2023-02-21,Churned,Paid,Monthly
SUB000359,CUST00488,Basic,999,2022-11-25,2023-08-22,Active,Paid,Annual
SUB000360,CUST00489,Enterprise,7999,2022-12-27,2024-12-31,Active,Paid,Annual
SUB000361,CUST00490,Enterprise,7999,2023-08-20,2024-06-15,Active,Paid,Annual
SUB000362,CUST00491,Professional,2999,2023-09-27,2024-12-31,Active,Paid,Annual
SUB000363,CUST00492,Professional,2999,2022-04-22,2024-07-10,Active,Paid,Monthly
SUB000364,CUST00496,Basic,999,2023-10-12,2024-12-31,Active,Paid,Monthly
SUB000365,CUST00499,Enterprise,7999,2022-04-19,2024-03-09,Active,Paid,Annual
SUB000366,CUST00501,Professional,2999,2023-04-28,2024-12-31,Active,Failed,Monthly
SUB000367,CUST00504,Enterprise,7999,2023-05-29,2024-12-31,Active,Paid,Monthly
SUB000368,CUST00506,Basic,999,2023-04-23,2024-12-31,Active,Paid,Monthly
SUB000369,CUST00508,Enterprise,7999,2022-11-01,2023-11-26,Churned,Paid,Monthly
SUB000370,CUST00510,Professional,2999,2023-07-07,2023-09-16,Upgraded,Paid,Monthly
SUB000371,CUST00510,Enterprise,7999,2023-09-16,2024-12-31,Active,Paid,Annual
SUB000372,CUST00511,Professional,2999,2022-05-21,2022-08-22,Upgraded,Paid,Monthly
SUB000373,CUST00511,Enterprise,7999,2022-08-22,2023-12-12,Active,Paid,Annual
SUB000374,CUST00512,Basic,999,2023-01-06,2023-03-07,Churned,Failed,Annual
SUB000375,CUST00517,Basic,999,2023-12-26,2024-12-31,Active,Paid,Monthly
SUB000376,CUST00518,Enterprise,7999,2023-09-09,2024-12-31,Active,Failed,Annual
SUB000377,CUST00519,Enterprise,7999,2023-06-06,2024-05-31,Active,Paid,Annual
SUB000378,CUST00520,Basic,999,2023-07-24,2024-12-31,Active,Paid,Monthly
SUB000379,CUST00521,Professional,2999,2023-12-03,2024-03-02,Upgraded,Paid,Monthly
SUB000380,CUST00521,Enterprise,7999,2024-03-02,2024-12-31,Active,Pending,Monthly
SUB000381,CUST00522,Basic,999,2022-11-20,2023-08-17,Churned,Paid,Annual
SUB000382,CUST00523,Enterprise,7999,2022-02-26,2023-08-20,Active,Paid,Monthly
SUB000383,CUST00524,Enterprise,7999,2022-09-03,2023-05-01,Active,Paid,Annual
SUB000384,CUST00525,Enterprise,7999,2023-02-23,2024-12-31,Active,Paid,Annual
SUB000385,CUST00526,Professional,2999,2023-09-15,2024-12-31,Active,Paid,Monthly
SUB000386,CUST00530,Enterprise,7999,2022-12-01,2024-05-24,Active,Pending,Annual
SUB000387,CUST00531,Enterprise,7999,2022-08-24,2024-01-16,Churned,Paid,Monthly
SUB000388,CUST00533,Enterprise,7999,2022-09-26,2024-01-19,Active,Paid,Annual
SUB000389,CUST00534,Professional,2999,2022-11-20,2024-12-31,Active,Failed,Annual
SUB000390,CUST00535,Professional,2999,2022-12-17,2024-12-31,Active,Paid,Annual
SUB000391,CUST00536,Enterprise,7999,2022-05-24,2024-11-09,Active,Paid,Annual
SUB000392,CUST00537,Enterprise,7999,2022-01-30,2024-11-15,Active,Paid,Monthly
SUB000393,CUST00538,Basic,999,2023-06-08,2023-10-27,Upgraded,Paid,Monthly
SUB000394,CUST00538,Professional,2999,2023-10-27,2024-08-01,Active,Paid,Monthly
SUB000395,CUST00540,Basic,999,2022-07-23,2024-02-13,Active,Paid,Monthly
SUB000396,CUST00541,Enterprise,7999,2022-06-01,2023-07-26,Active,Pending,Monthly
SUB000397,CUST00543,Basic,999,2023-07-12,2024-12-31,Active,Paid,Monthly
SUB000398,CUST00544,Professional,2999,2024-01-19,2024-12-14,Active,Paid,Annual
SUB000399,CUST00546,Basic,999,2023-06-25,2024-12-31,Active,Paid,Monthly
SUB000400,CUST00547,Basic,999,2023-08-15,2024-08-09,Active,Paid,Monthly
SUB000401,CUST00548,Professional,2999,2023-11-25,2024-11-19,Active,Paid,Monthly
SUB000402,CUST00549,Professional,2999,2023-01-24,2023-04-07,Upgraded,Paid,Monthly
SUB000403,CUST00549,Enterprise,7999,2023-04-07,2024-06-17,Active,Paid,Monthly
SUB000404,CUST00550,Professional,2999,2022-03-31,2024-06-18,Active,Paid,Monthly
SUB000405,CUST00552,Enterprise,7999,2022-03-14,2024-02-02,Active,Paid,Annual
SUB000406,CUST00553,Professional,2999,2023-04-01,2024-07-24,Active,Paid,Annual
SUB000407,CUST00554,Professional,2999,2022-01-29,2024-07-17,Active,Paid,Annual
SUB000408,CUST00555,Enterprise,7999,2023-05-01,2024-12-31,Active,Paid,Monthly
SUB000409,CUST00556,Basic,999,2022-04-01,2023-10-23,Active,Paid,Monthly
SUB000410,CUST00557,Basic,999,2022-12-06,2024-05-29,Active,Paid,Monthly
SUB000411,CUST00558,Basic,999,2023-09-11,2024-06-07,Active,Paid,Annual
SUB000412,CUST00559,Professional,2999,2023-04-12,2023-07-07,Upgraded,Paid,Annual
SUB000413,CUST00559,Enterprise,7999,2023-07-07,2023-10-09,Active,Paid,Monthly
SUB000414,CUST00560,Professional,2999,2023-08-22,2024-12-31,Active,Paid,Monthly
SUB000415,CUST00561,Professional,2999,2023-03-21,2024-04-14,Active,Paid,Annual
SUB000416,CUST00563,Basic,999,2023-11-04,2024-12-31,Active,Paid,Annual
SUB000417,CUST00564,Basic,999,2023-03-22,2024-08-13,Active,Paid,Annual
SUB000418,CUST00565,Basic,999,2022-11-03,2023-05-02,Churned,Paid,Monthly
SUB000419,CUST00567,Basic,999,2023-02-26,2024-12-31,Active,Paid,Monthly
SUB000420,CUST00571,Professional,2999,2023-10-10,2024-12-31,Active,Paid,Monthly
SUB000421,CUST00572,Professional,2999,2023-04-27,2023-10-07,Upgraded,Paid,Monthly
SUB000422,CUST00572,Enterprise,7999,2023-10-07,2024-12-31,Active,Failed,Monthly
SUB000423,CUST00576,Enterprise,7999,2023-04-13,2024-02-07,Active,Failed,Annual
SUB000424,CUST00577,Basic,999,2022-05-10,2023-08-03,Active,Paid,Monthly
SUB000425,CUST00578,Enterprise,7999,2022-10-01,2024-12-31,Active,Paid,Monthly
SUB000426,CUST00580,Basic,999,2023-09-19,2024-12-31,Active,Paid,Monthly
SUB000427,CUST00581,Professional,2999,2023-03-07,2024-06-29,Active,Paid,Annual
SUB000428,CUST00583,Professional,2999,2022-03-29,2024-12-31,Active,Paid,Annual
SUB000429,CUST00585,Professional,2999,2022-12-02,2023-04-01,Churned,Paid,Monthly
SUB000430,CUST00586,Basic,999,2023-01-07,2024-12-31,Active,Paid,Monthly
SUB000431,CUST00587,Basic,999,2022-08-24,2023-11-17,Active,Paid,Annual
SUB000432,CUST00589,Basic,999,2022-07-18,2024-03-09,Active,Pending,Annual
SUB000433,CUST00590,Basic,999,2022-04-06,2023-11-27,Active,Paid,Monthly
SUB000434,CUST00592,Professional,2999,2023-10-18,2024-12-31,Active,Paid,Annual
SUB000435,CUST00593,Basic,999,2022-05-13,2024-06-01,Active,Paid,Monthly
SUB000436,CUST00594,Basic,999,2023-07-18,2024-06-12,Churned,Paid,Annual
SUB000437,CUST00595,Enterprise,7999,2023-06-26,2024-12-31,Active,Paid,Annual
SUB000438,CUST00596,Professional,2999,2022-07-27,2023-10-20,Churned,Paid,Annual
SUB000439,CUST00597,Professional,2999,2023-01-23,2024-11-13,Active,Paid,Annual
SUB000440,CUST00598,Basic,999,2023-01-19,2023-04-19,Upgraded,Paid,Annual
SUB000441,CUST00598,Professional,2999,2023-04-19,2023-02-18,Churned,Paid,Monthly
SUB000442,CUST00599,Basic,999,2023-11-06,2024-01-13,Upgraded,Paid,Annual
SUB000443,CUST00599,Professional,2999,2024-01-13,2024-11-30,Churned,Paid,Monthly
SUB000444,CUST00601,Basic,999,2022-09-22,2023-10-17,Churned,Pending,Monthly
SUB000445,CUST00602,Basic,999,2022-04-28,2022-09-18,Upgraded,Paid,Annual
SUB000446,CUST00602,Professional,2999,2022-09-18,2023-12-19,Churned,Paid,Annual
SUB000447,CUST00603,Basic,999,2022-06-27,2024-06-16,Churned,Paid,Monthly
SUB000448,CUST00604,Basic,999,2022-10-09,2023-03-02,Upgraded,Paid,Annual
SUB000449,CUST00604,Professional,2999,2023-03-02,2023-04-07,Churned,Paid,Annual
SUB000450,CUST00605,Basic,999,2022-08-03,2024-03-25,Active,Paid,Annual
SUB000451,CUST00606,Professional,2999,2022-07-08,2023-05-04,Active,Paid,Monthly
SUB000452,CUST00608,Basic,999,2022-06-22,2024-02-12,Active,Paid,Annual
SUB000453,CUST00611,Basic,999,2022-07-12,2024-08-30,Active,Paid,Annual
SUB000454,CUST00612,Professional,2999,2023-10-15,2024-11-08,Active,Paid,Annual
SUB000455,CUST00613,Professional,2999,2023-06-02,2024-12-23,Active,Paid,Annual
SUB000456,CUST00615,Enterprise,7999,2023-08-16,2024-12-31,Active,Paid,Monthly
SUB000457,CUST00616,Enterprise,7999,2023-09-06,2024-12-31,Active,Failed,Annual
SUB000458,CUST00617,Basic,999,2023-04-21,2024-12-31,Active,Paid,Annual
SUB000459,CUST00620,Professional,2999,2023-11-08,2024-12-31,Active,Paid,Monthly
SUB000460,CUST00622,Basic,999,2023-10-16,2024-10-10,Active,Paid,Annual
SUB000461,CUST00623,Basic,999,2022-12-27,2023-11-22,Active,Failed,Annual
SUB000462,CUST00625,Professional,2999,2022-12-12,2024-01-06,Active,Paid,Annual
SUB000463,CUST00626,Basic,999,2022-06-30,2024-04-20,Active,Paid,Annual
SUB000464,CUST00627,Professional,2999,2023-04-22,2024-12-31,Active,Paid,Annual
SUB000465,CUST00630,Basic,999,2023-04-08,2023-06-24,Upgraded,Paid,Annual
SUB000466,CUST00630,Professional,2999,2023-06-24,2024-12-31,Active,Paid,Monthly
SUB000467,CUST00632,Enterprise,7999,2022-11-23,2024-12-12,Active,Paid,Annual
SUB000468,CUST00633,Professional,2999,2022-10-16,2023-02-21,Upgraded,Paid,Monthly
SUB000469,CUST00633,Enterprise,7999,2023-02-21,2022-11-15,Churned,Paid,Monthly
SUB000470,CUST00634,Professional,2999,2023-09-17,2024-12-10,Active,Pending,Annual
SUB000471,CUST00635,Basic,999,2022-03-16,2022-05-16,Upgraded,Paid,Annual
SUB000472,CUST00635,Professional,2999,2022-05-16,2023-04-10,Active,Paid,Monthly
SUB000473,CUST00636,Basic,999,2023-01-22,2024-04-16,Active,Failed,Annual
SUB000474,CUST00638,Basic,999,2022-04-03,2023-11-24,Active,Paid,Monthly
SUB000475,CUST00639,Basic,999,2022-12-05,2024-12-31,Active,Paid,Monthly
SUB000476,CUST00640,Basic,999,2023-05-05,2023-09-02,Upgraded,Paid,Monthly
SUB000477,CUST00640,Professional,2999,2023-09-02,2024-05-29,Churned,Failed,Monthly
SUB000478,CUST00641,Basic,999,2023-04-28,2024-06-21,Active,Paid,Monthly
SUB000479,CUST00643,Basic,999,2022-03-26,2024-02-14,Churned,Paid,Annual
SUB000480,CUST00644,Basic,999,2023-01-24,2023-06-27,Upgraded,Paid,Monthly
SUB000481,CUST00644,Professional,2999,2023-06-27,2023-03-25,Churned,Paid,Monthly
SUB000482,CUST00646,Enterprise,7999,2022-04-06,2024-06-24,Active,Paid,Annual
SUB000483,CUST00647,Professional,2999,2023-11-18,2024-05-15,Upgraded,Paid,Monthly
SUB000484,CUST00647,Enterprise,7999,2024-05-15,2024-12-31,Active,Paid,Annual
SUB000485,CUST00648,Professional,2999,2022-05-02,2022-10-22,Upgraded,Paid,Monthly
SUB000486,CUST00648,Enterprise,7999,2022-10-22,2023-07-26,Active,Paid,Monthly
SUB000487,CUST00649,Professional,2999,2023-10-05,2024-10-29,Active,Paid,Annual
SUB000488,CUST00652,Professional,2999,2023-02-10,2023-11-07,Churned,Paid,Annual
SUB000489,CUST00654,Professional,2999,2023-09-04,2024-03-02,Active,Paid,Annual
SUB000490,CUST00655,Basic,999,2023-08-07,2024-06-02,Active,Paid,Monthly
SUB000491,CUST00656,Basic,999,2022-03-14,2022-07-31,Upgraded,Paid,Annual
SUB000492,CUST00656,Professional,2999,2022-07-31,2023-07-07,Churned,Paid,Monthly
SUB000493,CUST00657,Basic,999,2023-05-05,2023-09-10,Upgraded,Paid,Monthly
SUB000494,CUST00657,Professional,2999,2023-09-10,2024-12-31,Active,Paid,Monthly
SUB000495,CUST00658,Basic,999,2023-09-05,2024-12-28,Active,Paid,Annual
SUB000496,CUST00659,Professional,2999,2023-11-21,2024-12-31,Active,Paid,Monthly
SUB000497,CUST00661,Basic,999,2022-12-10,2024-05-03,Active,Paid,Annual
SUB000498,CUST00662,Enterprise,7999,2023-09-29,2024-12-31,Active,Failed,Annual
SUB000499,CUST00663,Professional,2999,2023-05-22,2023-08-13,Upgraded,Paid,Annual
SUB000500,CUST00663,Enterprise,7999,2023-08-13,2024-12-31,Active,Paid,Annual
SUB000501,CUST00664,Basic,999,2023-06-13,2024-08-06,Active,Paid,Monthly
SUB000502,CUST00665,Basic,999,2022-06-23,2022-11-20,Churned,Paid,Annual
SUB000503,CUST00666,Basic,999,2022-03-23,2022-08-11,Upgraded,Paid,Annual
SUB000504,CUST00666,Professional,2999,2022-08-11,2023-11-13,Active,Paid,Monthly
SUB000505,CUST00668,Basic,999,2022-05-11,2024-05-30,Active,Paid,Monthly
SUB000506,CUST00669,Basic,999,2022-12-31,2023-08-28,Active,Paid,Annual
SUB000507,CUST00670,Basic,999,2022-04-22,2024-02-11,Churned,Paid,Monthly
SUB000508,CUST00671,Basic,999,2023-06-25,2024-10-17,Active,Pending,Annual
SUB000509,CUST00672,Enterprise,7999,2023-11-05,2024-12-31,Active,Paid,Monthly
SUB000510,CUST00674,Professional,2999,2022-03-06,2022-05-09,Upgraded,Paid,Monthly
SUB000511,CUST00674,Enterprise,7999,2022-05-09,2022-12-31,Active,Paid,Monthly
SUB000512,CUST00675,Basic,999,2022-09-18,2023-02-07,Upgraded,Paid,Annual
SUB000513,CUST00675,Professional,2999,2023-02-07,2023-06-15,Active,Paid,Annual
SUB000514,CUST00676,Enterprise,7999,2024-01-25,2024-12-31,Active,Failed,Monthly
SUB000515,CUST00677,Basic,999,2023-04-15,2024-12-31,Active,Paid,Monthly
SUB000516,CUST00678,Basic,999,2023-04-24,2024-04-18,Active,Paid,Monthly
SUB000517,CUST00680,Enterprise,7999,2023-07-11,2024-12-31,Active,Paid,Annual
SUB000518,CUST00682,Basic,999,2022-07-11,2024-12-31,Active,Paid,Annual
SUB000519,CUST00684,Professional,2999,2023-02-06,2023-05-15,Upgraded,Paid,Monthly
SUB000520,CUST00684,Enterprise,7999,2023-05-15,2024-12-31,Active,Paid,Monthly
SUB000521,CUST00686,Professional,2999,2023-02-23,2023-05-23,Upgraded,Paid,Annual
SUB000522,CUST00686,Enterprise,7999,2023-05-23,2023-11-20,Active,Paid,Monthly
SUB000523,CUST00688,Basic,999,2023-01-09,2024-10-30,Churned,Paid,Monthly
SUB000524,CUST00689,Professional,2999,2023-12-13,2024-12-31,Active,Paid,Monthly
SUB000525,CUST00690,Basic,999,2023-09-19,2024-12-31,Active,Paid,Annual
SUB000526,CUST00692,Basic,999,2023-11-06,2024-12-31,Active,Paid,Monthly
SUB000527,CUST00694,Basic,999,2023-01-07,2024-11-27,Active,Paid,Annual
SUB000528,CUST00695,Basic,999,2022-03-29,2024-02-17,Active,Paid,Annual
SUB000529,CUST00696,Professional,2999,2022-12-23,2024-12-31,Active,Paid,Annual
SUB000530,CUST00700,Professional,2999,2023-02-22,2024-09-14,Active,Paid,Annual
SUB000531,CUST00701,Professional,2999,2022-11-12,2024-03-06,Active,Paid,Monthly
SUB000532,CUST00703,Basic,999,2023-11-28,2024-12-31,Active,Paid,Annual
SUB000533,CUST00708,Enterprise,7999,2023-08-28,2024-12-31,Active,Paid,Annual
SUB000534,CUST00709,Basic,999,2023-11-29,2024-01-28,Churned,Paid,Monthly
SUB000535,CUST00711,Professional,2999,2023-01-18,2024-12-31,Active,Paid,Annual
SUB000536,CUST00714,Basic,999,2023-12-26,2024-12-20,Active,Paid,Monthly
SUB000537,CUST00716,Enterprise,7999,2023-02-20,2024-12-31,Active,Paid,Annual
SUB000538,CUST00717,Enterprise,7999,2022-06-10,2024-03-31,Active,Failed,Monthly
SUB000539,CUST00718,Enterprise,7999,2023-09-30,2024-12-23,Churned,Paid,Monthly
SUB000540,CUST00719,Basic,999,2024-01-14,2024-12-31,Active,Failed,Annual
SUB000541,CUST00720,Professional,2999,2022-04-09,2022-12-05,Active,Paid,Monthly
SUB000542,CUST00721,Enterprise,7999,2022-12-11,2024-12-31,Active,Paid,Annual
SUB000543,CUST00724,Professional,2999,2023-11-15,2024-12-31,Active,Paid,Monthly
SUB000544,CUST00725,Professional,2999,2022-12-30,2023-06-11,Upgraded,Paid,Annual
SUB000545,CUST00725,Enterprise,7999,2023-06-11,2024-03-24,Active,Paid,Monthly
SUB000546,CUST00727,Basic,999,2023-12-15,2024-12-31,Active,Paid,Annual
SUB000547,CUST00728,Professional,2999,2024-01-09,2024-12-31,Active,Paid,Monthly
SUB000548,CUST00729,Basic,999,2023-12-20,2024-12-31,Active,Paid,Monthly
SUB000549,CUST00730,Basic,999,2023-07-14,2024-12-31,Active,Paid,Annual
SUB000550,CUST00731,Basic,999,2022-04-16,2023-08-09,Active,Paid,Monthly
SUB000551,CUST00733,Professional,2999,2023-11-28,2024-12-31,Active,Paid,Monthly
SUB000552,CUST00734,Professional,2999,2023-03-25,2024-09-15,Active,Paid,Monthly
SUB000553,CUST00735,Basic,999,2023-06-19,2024-04-14,Churned,Paid,Monthly
SUB000554,CUST00736,Enterprise,7999,2023-01-29,2023-04-29,Churned,Paid,Monthly
SUB000555,CUST00740,Basic,999,2022-07-29,2022-11-30,Upgraded,Paid,Annual
SUB000556,CUST00740,Professional,2999,2022-11-30,2023-09-22,Active,Paid,Monthly
SUB000557,CUST00744,Professional,2999,2022-08-06,2024-04-27,Active,Paid,Annual
SUB000558,CUST00745,Basic,999,2022-09-07,2023-01-23,Upgraded,Paid,Monthly
SUB000559,CUST00745,Professional,2999,2023-01-23,2024-08-27,Active,Failed,Monthly
SUB000560,CUST00746,Enterprise,7999,2022-06-09,2023-08-03,Churned,Paid,Monthly
SUB000561,CUST00748,Professional,2999,2022-04-18,2023-06-12,Churned,Paid,Annual
SUB000562,CUST00749,Enterprise,7999,2022-11-24,2023-11-19,Churned,Paid,Monthly
SUB000563,CUST00753,Professional,2999,2023-07-12,2024-06-06,Active,Paid,Annual
SUB000564,CUST00755,Basic,999,2023-12-01,2024-05-13,Upgraded,Paid,Monthly
SUB000565,CUST00755,Professional,2999,2024-05-13,2024-12-31,Active,Paid,Monthly
SUB000566,CUST00756,Professional,2999,2022-12-21,2023-10-17,Active,Paid,Monthly
SUB000567,CUST00757,Professional,2999,2023-10-11,2023-12-10,Churned,Paid,Monthly
SUB000568,CUST00758,Professional,2999,2022-06-04,2024-12-31,Active,Failed,Annual
SUB000569,CUST00759,Enterprise,7999,2023-09-13,2024-06-09,Active,Paid,Annual
SUB000570,CUST00761,Basic,999,2022-07-07,2023-02-02,Churned,Paid,Monthly
SUB000571,CUST00763,Basic,999,2022-07-23,2023-12-15,Churned,Failed,Annual
SUB000572,CUST00764,Professional,2999,2023-12-27,2024-10-22,Active,Paid,Monthly
SUB000573,CUST00765,Basic,999,2023-10-19,2024-12-31,Active,Paid,Monthly
SUB000574,CUST00766,Professional,2999,2022-07-10,2022-09-08,Churned,Paid,Annual
SUB000575,CUST00767,Professional,2999,2023-04-07,2024-12-27,Churned,Paid,Monthly
SUB000576,CUST00768,Enterprise,7999,2022-03-09,2023-05-03,Active,Paid,Annual
SUB000577,CUST00769,Basic,999,2023-03-19,2023-09-15,Active,Paid,Annual
SUB000578,CUST00770,Enterprise,7999,2023-01-27,2024-02-21,Churned,Paid,Monthly
SUB000579,CUST00771,Basic,999,2023-12-16,2024-12-31,Active,Failed,Monthly
SUB000580,CUST00773,Basic,999,2023-04-21,2024-09-12,Churned,Paid,Monthly
SUB000581,CUST00778,Professional,2999,2023-07-10,2024-12-01,Churned,Failed,Annual
SUB000582,CUST00781,Professional,2999,2023-05-25,2023-10-19,Upgraded,Paid,Annual
SUB000583,CUST00781,Enterprise,7999,2023-10-19,2024-04-19,Active,Failed,Annual
SUB000584,CUST00782,Professional,2999,2022-07-28,2023-08-22,Active,Paid,Annual
SUB000585,CUST00783,Basic,999,2023-01-19,2024-12-31,Active,Paid,Annual
SUB000586,CUST00786,Enterprise,7999,2023-04-07,2024-12-31,Active,Paid,Annual
SUB000587,CUST00787,Professional,2999,2023-05-16,2024-04-10,Churned,Paid,Monthly
SUB000588,CUST00788,Basic,999,2022-10-28,2023-11-22,Churned,Paid,Monthly
SUB000589,CUST00789,Professional,2999,2023-02-26,2023-06-05,Upgraded,Paid,Annual
SUB000590,CUST00789,Enterprise,7999,2023-06-05,2024-12-31,Active,Failed,Annual
SUB000591,CUST00791,Basic,999,2023-07-18,2024-07-12,Active,Paid,Monthly
SUB000592,CUST00792,Professional,2999,2023-03-17,2024-06-09,Active,Paid,Monthly
SUB000593,CUST00793,Professional,2999,2022-07-09,2024-12-31,Active,Paid,Monthly
SUB000594,CUST00795,Basic,999,2023-09-29,2024-12-31,Active,Paid,Annual
SUB000595,CUST00797,Enterprise,7999,2022-10-04,2024-03-27,Churned,Paid,Monthly
SUB000596,CUST00798,Professional,2999,2022-03-16,2022-08-13,Churned,Paid,Annual
SUB000597,CUST00799,Professional,2999,2023-11-02,2024-12-31,Active,Paid,Annual
SUB000598,CUST00800,Enterprise,7999,2023-05-27,2024-12-31,Active,Paid,Annual
SUB000599,CUST00801,Professional,2999,2023-02-12,2023-05-06,Upgraded,Paid,Monthly
SUB000600,CUST00801,Enterprise,7999,2023-05-06,2023-09-10,Churned,Paid,Annual
SUB000601,CUST00805,Basic,999,2023-07-11,2024-12-31,Active,Paid,Monthly
SUB000602,CUST00807,Enterprise,7999,2022-11-07,2022-12-07,Churned,Paid,Annual
SUB000603,CUST00808,Enterprise,7999,2022-04-03,2023-11-24,Churned,Paid,Annual
SUB000604,CUST00809,Professional,2999,2022-07-14,2023-08-08,Churned,Paid,Monthly
SUB000605,CUST00810,Basic,999,2022-11-02,2023-04-08,Upgraded,Paid,Monthly
SUB000606,CUST00810,Professional,2999,2023-04-08,2023-06-30,Churned,Paid,Annual
SUB000607,CUST00812,Enterprise,7999,2023-07-01,2024-07-25,Active,Paid,Monthly
SUB000608,CUST00813,Basic,999,2022-06-25,2022-10-19,Upgraded,Paid,Annual
SUB000609,CUST00813,Professional,2999,2022-10-19,2023-02-20,Active,Failed,Annual
SUB000610,CUST00814,Enterprise,7999,2023-04-13,2024-12-31,Active,Paid,Annual
SUB000611,CUST00815,Enterprise,7999,2022-04-23,2024-05-12,Active,Paid,Annual
SUB000612,CUST00816,Professional,2999,2022-08-23,2024-02-14,Active,Pending,Monthly
SUB000613,CUST00817,Professional,2999,2023-05-06,2024-12-26,Active,Paid,Monthly
SUB000614,CUST00820,Basic,999,2023-03-16,2024-04-09,Active,Paid,Annual
SUB000615,CUST00821,Enterprise,7999,2022-03-25,2022-10-21,Active,Failed,Monthly
SUB000616,CUST00822,Basic,999,2023-02-19,2024-05-14,Churned,Paid,Annual
SUB000617,CUST00824,Basic,999,2023-01-28,2024-04-22,Active,Paid,Annual
SUB000618,CUST00825,Professional,2999,2022-09-23,2023-01-27,Upgraded,Paid,Monthly
SUB000619,CUST00825,Enterprise,7999,2023-01-27,2024-12-31,Active,Failed,Annual
SUB000620,CUST00826,Enterprise,7999,2023-02-12,2024-10-04,Active,Paid,Monthly
SUB000621,CUST00827,Basic,999,2022-04-12,2023-11-03,Churned,Paid,Monthly
SUB000622,CUST00828,Basic,999,2023-02-05,2024-05-30,Active,Paid,Monthly
SUB000623,CUST00830,Professional,2999,2022-02-19,2024-12-05,Active,Paid,Monthly
SUB000624,CUST00831,Basic,999,2022-12-03,2023-07-31,Active,Paid,Monthly
SUB000625,CUST00834,Basic,999,2023-01-01,2023-05-31,Upgraded,Paid,Annual
SUB000626,CUST00834,Professional,2999,2023-05-31,2023-09-28,Active,Paid,Annual
SUB000627,CUST00835,Professional,2999,2022-06-22,2024-05-12,Churned,Pending,Monthly
SUB000628,CUST00836,Basic,999,2022-06-17,2022-09-06,Upgraded,Paid,Annual
SUB000629,CUST00836,Professional,2999,2022-09-06,2023-12-09,Active,Failed,Monthly
SUB000630,CUST00838,Basic,999,2022-11-16,2023-04-16,Upgraded,Paid,Monthly
SUB000631,CUST00838,Professional,2999,2023-04-16,2023-04-15,Churned,Failed,Annual
SUB000632,CUST00841,Basic,999,2022-06-11,2024-10-28,Active,Paid,Annual
SUB000633,CUST00842,Professional,2999,2024-01-18,2024-04-03,Upgraded,Paid,Monthly
SUB000634,CUST00842,Enterprise,7999,2024-04-03,2024-12-13,Active,Paid,Monthly
SUB000635,CUST00843,Basic,999,2023-05-06,2023-09-06,Upgraded,Paid,Annual
SUB000636,CUST00843,Professional,2999,2023-09-06,2024-06-29,Active,Failed,Monthly
SUB000637,CUST00844,Enterprise,7999,2023-04-23,2024-12-31,Active,Failed,Annual
SUB000638,CUST00845,Basic,999,2023-10-11,2024-02-24,Upgraded,Paid,Monthly
SUB000639,CUST00845,Professional,2999,2024-02-24,2024-12-31,Active,Paid,Monthly
SUB000640,CUST00848,Enterprise,7999,2022-02-01,2023-03-28,Active,Paid,Monthly
SUB000641,CUST00850,Professional,2999,2022-09-07,2022-12-20,Upgraded,Paid,Monthly
SUB000642,CUST00850,Enterprise,7999,2022-12-20,2023-02-04,Churned,Paid,Monthly
SUB000643,CUST00851,Basic,999,2022-06-19,2024-09-06,Active,Paid,Annual
SUB000644,CUST00852,Professional,2999,2023-08-11,2023-12-02,Upgraded,Paid,Monthly
SUB000645,CUST00852,Enterprise,7999,2023-12-02,2024-04-07,Active,Paid,Monthly
SUB000646,CUST00853,Basic,999,2023-10-11,2024-12-31,Active,Paid,Monthly
SUB000647,CUST00856,Basic,999,2022-05-05,2024-09-21,Active,Paid,Monthly
SUB000648,CUST00857,Basic,999,2022-11-09,2023-09-05,Churned,Paid,Annual
SUB000649,CUST00858,Professional,2999,2022-09-11,2024-12-31,Active,Paid,Monthly
SUB000650,CUST00859,Professional,2999,2022-11-19,2023-05-08,Upgraded,Paid,Annual
SUB000651,CUST00859,Enterprise,7999,2023-05-08,2023-09-15,Active,Paid,Annual
SUB000652,CUST00862,Professional,2999,2022-09-14,2024-07-05,Active,Paid,Monthly
SUB000653,CUST00863,Professional,2999,2023-03-24,2023-12-19,Active,Paid,Monthly
SUB000654,CUST00864,Basic,999,2023-11-15,2024-12-31,Active,Paid,Annual
SUB000655,CUST00865,Basic,999,2023-10-11,2024-12-31,Active,Paid,Annual
SUB000656,CUST00866,Professional,2999,2023-05-07,2024-12-31,Active,Paid,Annual
SUB000657,CUST00867,Basic,999,2022-03-25,2023-02-18,Active,Paid,Monthly
SUB000658,CUST00870,Enterprise,7999,2023-09-15,2024-09-09,Active,Paid,Monthly
SUB000659,CUST00871,Basic,999,2023-07-28,2024-01-12,Upgraded,Paid,Monthly
SUB000660,CUST00871,Professional,2999,2024-01-12,2024-12-31,Active,Failed,Annual
SUB000661,CUST00872,Basic,999,2022-02-05,2023-05-31,Active,Paid,Monthly
SUB000662,CUST00873,Professional,2999,2023-10-30,2024-05-27,Churned,Paid,Annual
SUB000663,CUST00875,Basic,999,2023-09-03,2024-11-26,Active,Paid,Annual
SUB000664,CUST00876,Basic,999,2022-10-02,2023-06-29,Active,Failed,Annual
SUB000665,CUST00877,Professional,2999,2022-06-21,2024-06-10,Active,Paid,Monthly
SUB000666,CUST00879,Basic,999,2023-04-12,2024-04-06,Active,Paid,Annual
SUB000667,CUST00880,Basic,999,2022-01-14,2023-10-06,Active,Paid,Monthly
SUB000668,CUST00881,Basic,999,2023-10-16,2024-02-11,Upgraded,Paid,Annual
SUB000669,CUST00881,Professional,2999,2024-02-11,2024-12-31,Active,Paid,Annual
SUB000670,CUST00884,Basic,999,2023-08-24,2024-12-31,Active,Failed,Monthly
SUB000671,CUST00888,Basic,999,2023-12-07,2024-12-31,Active,Paid,Annual
SUB000672,CUST00889,Basic,999,2022-04-24,2022-10-21,Active,Paid,Annual
SUB000673,CUST00890,Basic,999,2023-06-29,2024-12-31,Active,Paid,Monthly
SUB000674,CUST00892,Enterprise,7999,2022-03-18,2023-05-12,Active,Paid,Annual
SUB000675,CUST00894,Basic,999,2023-07-23,2024-12-31,Active,Paid,Monthly
SUB000676,CUST00897,Basic,999,2023-08-15,2023-10-28,Upgraded,Paid,Annual
SUB000677,CUST00897,Professional,2999,2023-10-28,2024-12-31,Active,Paid,Annual
SUB000678,CUST00899,Basic,999,2023-03-03,2024-04-26,Active,Paid,Annual
SUB000679,CUST00901,Basic,999,2022-03-06,2023-07-29,Active,Paid,Annual
SUB000680,CUST00902,Basic,999,2023-11-10,2024-02-25,Upgraded,Paid,Monthly
SUB000681,CUST00902,Professional,2999,2024-02-25,2024-09-05,Churned,Paid,Monthly
SUB000682,CUST00904,Professional,2999,2023-02-07,2024-09-29,Active,Paid,Annual
SUB000683,CUST00906,Enterprise,7999,2022-02-07,2022-12-04,Active,Paid,Annual
SUB000684,CUST00907,Enterprise,7999,2023-01-23,2024-11-13,Active,Paid,Annual
SUB000685,CUST00908,Basic,999,2022-03-23,2022-07-21,Churned,Paid,Monthly
SUB000686,CUST00909,Basic,999,2022-12-29,2023-02-27,Churned,Paid,Monthly
SUB000687,CUST00910,Basic,999,2022-09-29,2022-11-28,Churned,Paid,Monthly
SUB000688,CUST00911,Professional,2999,2023-11-11,2024-03-16,Upgraded,Paid,Annual
SUB000689,CUST00911,Enterprise,7999,2024-03-16,2024-12-31,Active,Paid,Monthly
SUB000690,CUST00912,Basic,999,2023-10-20,2024-12-31,Active,Paid,Monthly
SUB000691,CUST00913,Professional,2999,2022-05-03,2023-04-28,Active,Paid,Annual
SUB000692,CUST00916,Basic,999,2022-05-31,2022-08-18,Upgraded,Paid,Monthly
SUB000693,CUST00916,Professional,2999,2022-08-18,2024-08-18,Active,Paid,Annual
SUB000694,CUST00918,Enterprise,7999,2023-01-12,2024-09-03,Churned,Paid,Monthly
SUB000695,CUST00922,Professional,2999,2022-07-29,2023-07-24,Churned,Paid,Annual
SUB000696,CUST00924,Professional,2999,2023-05-15,2024-12-31,Active,Failed,Monthly
SUB000697,CUST00926,Basic,999,2023-05-16,2024-03-11,Churned,Paid,Annual
SUB000698,CUST00927,Basic,999,2023-11-03,2024-03-02,Upgraded,Paid,Monthly
SUB000699,CUST00927,Professional,2999,2024-03-02,2024-05-31,Active,Failed,Monthly
SUB000700,CUST00930,Basic,999,2022-03-30,2022-11-25,Active,Paid,Monthly
SUB000701,CUST00932,Enterprise,7999,2022-03-03,2024-12-17,Active,Paid,Annual
SUB000702,CUST00933,Enterprise,7999,2022-11-05,2024-01-29,Active,Paid,Monthly
SUB000703,CUST00934,Professional,2999,2022-08-25,2024-11-12,Active,Failed,Monthly
SUB000704,CUST00935,Basic,999,2022-03-07,2024-08-23,Active,Paid,Monthly
SUB000705,CUST00936,Basic,999,2022-08-17,2024-07-07,Churned,Paid,Annual
SUB000706,CUST00937,Basic,999,2022-02-25,2024-04-15,Active,Paid,Annual
SUB000707,CUST00938,Enterprise,7999,2022-12-10,2024-12-31,Active,Paid,Annual
SUB000708,CUST00939,Basic,999,2022-11-24,2023-05-20,Upgraded,Paid,Annual
SUB000709,CUST00939,Professional,2999,2023-05-20,2024-05-17,Active,Paid,Annual
SUB000710,CUST00940,Professional,2999,2023-07-12,2023-09-24,Upgraded,Paid,Annual
SUB000711,CUST00940,Enterprise,7999,2023-09-24,2024-01-08,Active,Paid,Annual
SUB000712,CUST00943,Professional,2999,2023-05-16,2024-04-10,Active,Paid,Annual
SUB000713,CUST00944,Enterprise,7999,2022-09-25,2023-07-22,Active,Paid,Annual
SUB000714,CUST00945,Basic,999,2022-02-28,2022-07-09,Upgraded,Paid,Monthly
SUB000715,CUST00945,Professional,2999,2022-07-09,2024-09-15,Active,Paid,Annual
SUB000716,CUST00946,Basic,999,2023-11-09,2024-12-31,Active,Paid,Monthly
SUB000717,CUST00948,Enterprise,7999,2022-10-29,2024-09-18,Active,Paid,Annual
SUB000718,CUST00949,Enterprise,7999,2023-01-22,2024-05-16,Active,Failed,Annual
SUB000719,CUST00950,Professional,2999,2022-02-28,2023-09-21,Active,Failed,Annual
SUB000720,CUST00951,Professional,2999,2023-11-17,2024-04-10,Upgraded,Paid,Monthly
SUB000721,CUST00951,Enterprise,7999,2024-04-10,2024-12-11,Active,Pending,Annual
SUB000722,CUST00954,Enterprise,7999,2022-06-02,2024-01-23,Churned,Paid,Monthly
SUB000723,CUST00955,Basic,999,2023-02-10,2024-01-06,Active,Failed,Annual
SUB000724,CUST00958,Basic,999,2023-04-22,2023-08-20,Churned,Paid,Annual
SUB000725,CUST00959,Basic,999,2023-02-27,2024-12-31,Active,Paid,Monthly
SUB000726,CUST00960,Professional,2999,2023-01-03,2023-06-02,Churned,Paid,Monthly
SUB000727,CUST00961,Basic,999,2022-07-23,2022-11-28,Upgraded,Paid,Annual
SUB000728,CUST00961,Professional,2999,2022-11-28,2024-10-10,Active,Paid,Annual
SUB000729,CUST00962,Professional,2999,2023-06-19,2023-11-13,Upgraded,Paid,Annual
SUB000730,CUST00962,Enterprise,7999,2023-11-13,2024-12-31,Active,Failed,Annual
SUB000731,CUST00963,Basic,999,2023-12-21,2024-12-31,Active,Paid,Annual
SUB000732,CUST00964,Basic,999,2023-06-07,2024-12-31,Active,Paid,Monthly
SUB000733,CUST00965,Basic,999,2023-01-25,2024-12-31,Active,Paid,Annual
SUB000734,CUST00967,Professional,2999,2022-10-26,2024-12-31,Active,Paid,Annual
SUB000735,CUST00968,Basic,999,2022-04-13,2022-09-10,Upgraded,Paid,Annual
SUB000736,CUST00968,Professional,2999,2022-09-10,2024-12-31,Active,Paid,Monthly
SUB000737,CUST00969,Professional,2999,2023-04-04,2023-07-28,Upgraded,Paid,Annual
SUB000738,CUST00969,Enterprise,7999,2023-07-28,2024-12-31,Active,Paid,Annual
SUB000739,CUST00970,Professional,2999,2022-04-06,2023-09-28,Active,Paid,Monthly
SUB000740,CUST00972,Enterprise,7999,2023-10-03,2024-12-31,Active,Paid,Annual
SUB000741,CUST00973,Professional,2999,2022-07-16,2023-12-08,Active,Paid,Monthly
SUB000742,CUST00975,Basic,999,2022-11-26,2024-12-31,Active,Paid,Monthly
SUB000743,CUST00977,Professional,2999,2022-05-02,2022-10-01,Upgraded,Paid,Annual
SUB000744,CUST00977,Enterprise,7999,2022-10-01,2024-01-22,Churned,Paid,Annual
SUB000745,CUST00978,Basic,999,2022-04-17,2022-09-06,Upgraded,Paid,Annual
SUB000746,CUST00978,Professional,2999,2022-09-06,2023-02-11,Active,Failed,Annual
SUB000747,CUST00979,Professional,2999,2022-12-17,2024-12-31,Active,Paid,Annual
SUB000748,CUST00980,Professional,2999,2023-12-01,2024-12-31,Active,Paid,Annual
SUB000749,CUST00983,Basic,999,2023-04-13,2023-08-28,Upgraded,Paid,Monthly
SUB000750,CUST00983,Professional,2999,2023-08-28,2024-05-07,Active,Paid,Annual
SUB000751,CUST00984,Basic,999,2023-09-30,2024-10-24,Active,Paid,Annual
SUB000752,CUST00987,Professional,2999,2024-01-04,2024-12-31,Active,Paid,Monthly
SUB000753,CUST00988,Basic,999,2023-04-11,2024-12-31,Active,Paid,Annual
SUB000754,CUST00989,Basic,999,2023-01-24,2024-05-18,Churned,Paid,Monthly
SUB000755,CUST00991,Professional,2999,2022-02-27,2024-02-17,Churned,Paid,Annual
SUB000756,CUST00992,Professional,2999,2023-01-08,2023-09-05,Active,Paid,Monthly
SUB000757,CUST00994,Professional,2999,2023-04-08,2024-12-28,Churned,Paid,Monthly
SUB000758,CUST00995,Basic,999,2022-10-23,2024-09-12,Active,Paid,Annual
SUB000759,CUST00996,Basic,999,2023-11-14,2024-12-31,Active,Paid,Monthly
SUB000760,CUST00997,Enterprise,7999,2022-03-19,2024-01-08,Active,Failed,Annual
SUB000761,CUST00998,Basic,999,2022-04-09,2024-12-31,Active,Paid,Annual
SUB000762,CUST00999,Enterprise,7999,2023-11-30,2024-06-27,Active,Paid,Annual
SUB000763,CUST01000,Basic,999,2023-11-09,2024-12-31,Active,Paid,Annual
SUB000764,CUST01001,Basic,999,2023-03-19,2023-06-24,Upgraded,Paid,Monthly
SUB000765,CUST01001,Professional,2999,2023-06-24,2024-12-31,Active,Pending,Annual
SUB000766,CUST01004,Professional,2999,2023-12-17,2024-10-12,Active,Paid,Annual
SUB000767,CUST01005,Enterprise,7999,2022-07-02,2024-02-22,Churned,Paid,Annual
SUB000768,CUST01006,Professional,2999,2022-02-22,2022-06-22,Churned,Paid,Monthly
SUB000769,CUST01007,Professional,2999,2022-06-05,2023-10-28,Active,Failed,Annual
SUB000770,CUST01008,Enterprise,7999,2023-10-12,2024-11-05,Active,Failed,Monthly
SUB000771,CUST01010,Professional,2999,2023-04-13,2023-12-09,Active,Paid,Monthly
SUB000772,CUST01011,Basic,999,2022-02-28,2024-08-16,Active,Paid,Annual
SUB000773,CUST01012,Enterprise,7999,2022-06-09,2023-09-02,Churned,Paid,Monthly
SUB000774,CUST01014,Basic,999,2022-09-28,2024-09-17,Churned,Paid,Monthly
SUB000775,CUST01015,Professional,2999,2023-11-10,2024-12-31,Active,Paid,Monthly
SUB000776,CUST01016,Enterprise,7999,2023-02-01,2024-02-26,Churned,Paid,Annual
SUB000777,CUST01019,Enterprise,7999,2023-08-29,2024-12-31,Active,Paid,Monthly
SUB000778,CUST01020,Basic,999,2022-02-10,2024-05-30,Active,Paid,Annual
SUB000779,CUST01021,Professional,2999,2023-10-12,2024-04-07,Upgraded,Paid,Annual
SUB000780,CUST01021,Enterprise,7999,2024-04-07,2024-12-05,Churned,Paid,Annual
SUB000781,CUST01022,Basic,999,2022-06-16,2024-12-31,Active,Paid,Monthly
SUB000782,CUST01027,Enterprise,7999,2023-04-29,2024-10-20,Churned,Paid,Annual
SUB000783,CUST01028,Enterprise,7999,2022-04-07,2024-05-26,Active,Pending,Annual
SUB000784,CUST01030,Enterprise,7999,2022-06-14,2022-10-12,Churned,Paid,Annual
SUB000785,CUST01032,Professional,2999,2023-01-24,2024-12-31,Active,Paid,Monthly
SUB000786,CUST01033,Basic,999,2023-03-04,2024-12-31,Active,Paid,Monthly
SUB000787,CUST01035,Basic,999,2023-11-19,2024-05-17,Active,Paid,Monthly
SUB000788,CUST01040,Basic,999,2022-08-03,2022-12-01,Churned,Paid,Annual
SUB000789,CUST01042,Professional,2999,2023-06-26,2024-12-31,Active,Paid,Monthly
SUB000790,CUST01043,Basic,999,2023-02-26,2023-08-25,Upgraded,Paid,Monthly
SUB000791,CUST01043,Professional,2999,2023-08-25,2024-10-18,Churned,Paid,Monthly
SUB000792,CUST01044,Professional,2999,2023-08-21,2024-01-05,Upgraded,Paid,Monthly
SUB000793,CUST01044,Enterprise,7999,2024-01-05,2024-05-17,Active,Paid,Annual
SUB000794,CUST01045,Enterprise,7999,2022-05-18,2024-12-31,Active,Paid,Monthly
SUB000795,CUST01046,Professional,2999,2022-10-24,2023-01-29,Upgraded,Paid,Annual
SUB000796,CUST01046,Enterprise,7999,2023-01-29,2024-12-31,Active,Pending,Monthly
SUB000797,CUST01047,Basic,999,2022-10-02,2024-12-31,Active,Paid,Annual
SUB000798,CUST01048,Basic,999,2023-12-30,2024-12-31,Active,Pending,Annual
SUB000799,CUST01050,Basic,999,2022-09-04,2022-12-03,Churned,Pending,Monthly
SUB000800,CUST01054,Professional,2999,2023-05-30,2024-09-21,Active,Paid,Annual
SUB000801,CUST01056,Basic,999,2022-05-27,2022-08-03,Upgraded,Paid,Annual
SUB000802,CUST01056,Professional,2999,2022-08-03,2023-07-21,Active,Paid,Monthly
SUB000803,CUST01058,Basic,999,2022-04-06,2023-03-02,Active,Paid,Monthly
SUB000804,CUST01061,Enterprise,7999,2024-01-12,2024-12-31,Active,Paid,Monthly
SUB000805,CUST01062,Enterprise,7999,2023-04-28,2024-12-31,Active,Paid,Monthly
SUB000806,CUST01064,Basic,999,2023-12-12,2024-12-31,Active,Pending,Annual
SUB000807,CUST01066,Professional,2999,2023-11-24,2024-04-13,Upgraded,Paid,Monthly
SUB000808,CUST01066,Enterprise,7999,2024-04-13,2024-12-31,Active,Paid,Monthly
SUB000809,CUST01067,Basic,999,2023-01-18,2023-04-30,Upgraded,Paid,Annual
SUB000810,CUST01067,Professional,2999,2023-04-30,2024-03-13,Active,Paid,Monthly
SUB000811,CUST01071,Basic,999,2023-07-28,2024-12-31,Active,Paid,Annual
SUB000812,CUST01073,Basic,999,2022-12-01,2024-12-31,Active,Paid,Monthly
SUB000813,CUST01074,Basic,999,2022-06-23,2022-12-20,Active,Paid,Annual
SUB000814,CUST01076,Basic,999,2024-01-16,2024-12-31,Active,Paid,Annual
SUB000815,CUST01077,Basic,999,2024-01-15,2024-12-31,Active,Paid,Monthly
SUB000816,CUST01078,Professional,2999,2023-11-01,2024-12-31,Active,Paid,Monthly
SUB000817,CUST01080,Enterprise,7999,2023-02-04,2024-12-31,Active,Paid,Monthly
SUB000818,CUST01082,Basic,999,2022-09-07,2022-11-06,Churned,Paid,Monthly
SUB000819,CUST01083,Basic,999,2022-06-01,2023-11-23,Active,Paid,Annual
SUB000820,CUST01085,Enterprise,7999,2022-06-21,2024-12-31,Active,Paid,Monthly
SUB000821,CUST01086,Professional,2999,2022-09-10,2023-01-23,Upgraded,Paid,Monthly
SUB000822,CUST01086,Enterprise,7999,2023-01-23,2023-04-08,Churned,Paid,Annual
SUB000823,CUST01087,Professional,2999,2023-05-28,2024-12-31,Active,Paid,Annual
SUB000824,CUST01088,Basic,999,2022-02-09,2024-12-31,Active,Paid,Annual
SUB000825,CUST01090,Basic,999,2023-07-31,2023-10-06,Upgraded,Paid,Annual
SUB000826,CUST01090,Professional,2999,2023-10-06,2024-01-27,Active,Paid,Monthly
SUB000827,CUST01092,Professional,2999,2023-02-07,2024-02-02,Active,Paid,Annual
SUB000828,CUST01093,Professional,2999,2023-05-08,2024-12-31,Active,Paid,Monthly
SUB000829,CUST01095,Basic,999,2022-06-10,2023-07-05,Active,Paid,Monthly
SUB000830,CUST01096,Basic,999,2023-10-10,2024-12-31,Active,Paid,Annual
SUB000831,CUST01097,Basic,999,2022-04-06,2022-09-02,Upgraded,Paid,Monthly
SUB000832,CUST01097,Professional,2999,2022-09-02,2024-04-25,Active,Paid,Monthly
SUB000833,CUST01098,Basic,999,2022-03-16,2022-05-15,Churned,Failed,Monthly
SUB000834,CUST01099,Professional,2999,2022-12-12,2023-11-07,Active,Paid,Monthly
SUB000835,CUST01100,Basic,999,2023-03-01,2023-07-15,Upgraded,Paid,Monthly
SUB000836,CUST01100,Professional,2999,2023-07-15,2023-11-26,Active,Paid,Monthly
SUB000837,CUST01101,Basic,999,2023-05-16,2024-12-06,Active,Paid,Annual
SUB000838,CUST01102,Enterprise,7999,2023-07-13,2024-12-31,Active,Paid,Monthly
SUB000839,CUST01103,Enterprise,7999,2023-03-26,2024-12-31,Active,Failed,Monthly
SUB000840,CUST01104,Enterprise,7999,2023-03-07,2024-06-29,Active,Paid,Annual
SUB000841,CUST01105,Enterprise,7999,2023-09-03,2024-10-27,Churned,Pending,Annual
SUB000842,CUST01108,Professional,2999,2022-12-10,2024-08-01,Active,Paid,Monthly
SUB000843,CUST01110,Basic,999,2022-04-16,2024-01-06,Churned,Paid,Monthly
SUB000844,CUST01111,Enterprise,7999,2023-04-16,2024-08-08,Churned,Paid,Monthly
SUB000845,CUST01112,Basic,999,2023-05-03,2023-08-01,Churned,Paid,Annual
SUB000846,CUST01113,Basic,999,2023-12-15,2024-12-31,Active,Paid,Annual
SUB000847,CUST01114,Professional,2999,2023-07-02,2023-10-04,Upgraded,Paid,Annual
SUB000848,CUST01114,Enterprise,7999,2023-10-04,2024-06-26,Active,Paid,Annual
SUB000849,CUST01115,Professional,2999,2023-01-04,2023-07-03,Churned,Paid,Monthly
SUB000850,CUST01116,Professional,2999,2022-05-23,2024-09-09,Active,Paid,Monthly
SUB000851,CUST01118,Enterprise,7999,2023-10-29,2024-12-31,Active,Failed,Annual
SUB000852,CUST01119,Basic,999,2023-09-21,2024-01-26,Upgraded,Paid,Monthly
SUB000853,CUST01119,Professional,2999,2024-01-26,2024-05-18,Churned,Paid,Annual
SUB000854,CUST01121,Enterprise,7999,2022-05-24,2024-04-13,Active,Paid,Annual
SUB000855,CUST01122,Enterprise,7999,2023-03-29,2024-12-31,Active,Paid,Monthly
SUB000856,CUST01129,Basic,999,2022-07-09,2022-12-06,Churned,Paid,Annual
SUB000857,CUST01130,Basic,999,2022-07-03,2023-05-29,Active,Paid,Monthly
SUB000858,CUST01131,Professional,2999,2022-12-27,2023-12-22,Churned,Paid,Annual
SUB000859,CUST01132,Professional,2999,2024-01-10,2024-12-31,Active,Paid,Annual
SUB000860,CUST01134,Basic,999,2023-01-20,2023-05-28,Upgraded,Paid,Monthly
SUB000861,CUST01134,Professional,2999,2023-05-28,2024-12-31,Active,Paid,Monthly
SUB000862,CUST01135,Professional,2999,2023-06-27,2024-12-31,Active,Paid,Monthly
SUB000863,CUST01136,Basic,999,2022-11-07,2024-12-31,Active,Paid,Annual
SUB000864,CUST01138,Professional,2999,2022-10-12,2024-12-31,Active,Paid,Annual
SUB000865,CUST01140,Professional,2999,2023-10-26,2024-02-23,Churned,Paid,Monthly
SUB000866,CUST01141,Enterprise,7999,2023-07-28,2024-09-20,Churned,Paid,Annual
SUB000867,CUST01142,Basic,999,2022-10-19,2023-06-16,Active,Paid,Annual
SUB000868,CUST01143,Professional,2999,2022-05-20,2022-11-14,Upgraded,Paid,Annual
SUB000869,CUST01143,Enterprise,7999,2022-11-14,2023-07-14,Churned,Failed,Monthly
SUB000870,CUST01146,Enterprise,7999,2023-10-22,2024-08-17,Active,Paid,Monthly
SUB000871,CUST01147,Professional,2999,2023-07-20,2024-09-12,Active,Paid,Monthly
SUB000872,CUST01148,Professional,2999,2022-04-24,2022-07-10,Upgraded,Paid,Monthly
SUB000873,CUST01148,Enterprise,7999,2022-07-10,2023-11-15,Churned,Paid,Annual
SUB000874,CUST01151,Professional,2999,2022-07-03,2023-05-29,Active,Paid,Monthly
SUB000875,CUST01152,Enterprise,7999,2023-09-13,2024-12-31,Active,Paid,Monthly
SUB000876,CUST01154,Professional,2999,2022-07-04,2024-05-24,Active,Paid,Monthly
SUB000877,CUST01155,Professional,2999,2022-07-04,2024-04-24,Active,Paid,Monthly
SUB000878,CUST01156,Professional,2999,2023-11-20,2024-12-31,Active,Failed,Monthly
SUB000879,CUST01157,Basic,999,2023-10-26,2024-12-31,Active,Paid,Monthly
SUB000880,CUST01160,Basic,999,2023-08-31,2024-12-31,Active,Paid,Monthly
SUB000881,CUST01161,Enterprise,7999,2022-03-10,2024-12-24,Active,Paid,Monthly
SUB000882,CUST01162,Basic,999,2022-02-15,2023-06-10,Churned,Paid,Monthly
SUB000883,CUST01163,Basic,999,2022-04-23,2023-10-15,Active,Paid,Monthly
SUB000884,CUST01164,Professional,2999,2022-02-23,2022-07-29,Upgraded,Paid,Monthly
SUB000885,CUST01164,Enterprise,7999,2022-07-29,2023-03-20,Active,Pending,Annual
SUB000886,CUST01165,Basic,999,2023-11-16,2024-09-11,Active,Paid,Monthly
SUB000887,CUST01166,Enterprise,7999,2023-08-30,2024-04-26,Active,Paid,Annual
SUB000888,CUST01167,Enterprise,7999,2022-10-12,2024-01-05,Churned,Paid,Monthly
SUB000889,CUST01168,Professional,2999,2023-11-21,2024-12-31,Active,Paid,Annual
SUB000890,CUST01169,Basic,999,2022-08-30,2023-08-25,Churned,Pending,Monthly
SUB000891,CUST01170,Basic,999,2023-09-01,2024-04-28,Active,Paid,Annual
SUB000892,CUST01171,Professional,2999,2023-03-16,2024-06-08,Active,Paid,Annual
SUB000893,CUST01173,Professional,2999,2023-11-05,2024-12-31,Active,Paid,Monthly
SUB000894,CUST01174,Basic,999,2022-02-17,2022-10-15,Active,Paid,Annual
SUB000895,CUST01177,Professional,2999,2023-07-27,2024-02-22,Active,Paid,Annual
SUB000896,CUST01179,Professional,2999,2023-11-08,2024-08-04,Active,Paid,Annual
SUB000897,CUST01180,Professional,2999,2022-11-16,2024-04-09,Active,Paid,Monthly
SUB000898,CUST01181,Enterprise,7999,2023-05-24,2024-12-31,Active,Paid,Annual
SUB000899,CUST01184,Enterprise,7999,2023-03-18,2023-07-16,Churned,Failed,Monthly
SUB000900,CUST01185,Basic,999,2022-11-10,2024-12-31,Active,Paid,Annual
SUB000901,CUST01186,Enterprise,7999,2023-05-03,2024-12-31,Active,Paid,Annual
SUB000902,CUST01187,Professional,2999,2022-03-23,2023-03-18,Churned,Paid,Annual
SUB000903,CUST01188,Basic,999,2023-12-25,2024-05-23,Upgraded,Paid,Annual
SUB000904,CUST01188,Professional,2999,2024-05-23,2024-12-31,Active,Paid,Annual
SUB000905,CUST01193,Basic,999,2023-05-31,2024-12-31,Active,Failed,Monthly
SUB000906,CUST01195,Basic,999,2022-08-21,2022-12-09,Upgraded,Paid,Monthly
SUB000907,CUST01195,Professional,2999,2022-12-09,2023-11-14,Churned,Paid,Annual
SUB000908,CUST01196,Enterprise,7999,2023-01-12,2023-09-09,Active,Paid,Annual
SUB000909,CUST01197,Enterprise,7999,2023-09-26,2024-02-23,Churned,Paid,Monthly
SUB000910,CUST01198,Enterprise,7999,2022-06-19,2024-08-07,Active,Paid,Annual
SUB000911,CUST01199,Professional,2999,2022-11-26,2024-10-16,Active,Paid,Annual
SUB000912,CUST01200,Basic,999,2022-11-30,2024-07-22,Active,Paid,Monthly
SUB000913,CUST01202,Basic,999,2023-02-22,2023-08-03,Upgraded,Paid,Monthly
SUB000914,CUST01202,Professional,2999,2023-08-03,2023-10-20,Active,Failed,Annual
SUB000915,CUST01203,Basic,999,2022-05-21,2023-09-13,Active,Paid,Annual
SUB000916,CUST01205,Professional,2999,2023-06-25,2024-12-31,Active,Failed,Annual
SUB000917,CUST01206,Professional,2999,2023-08-07,2024-01-15,Upgraded,Paid,Annual
SUB000918,CUST01206,Enterprise,7999,2024-01-15,2024-12-31,Active,Paid,Monthly
SUB000919,CUST01207,Professional,2999,2022-04-27,2023-05-22,Active,Paid,Annual
SUB000920,CUST01208,Basic,999,2022-12-12,2023-03-18,Upgraded,Paid,Annual
SUB000921,CUST01208,Professional,2999,2023-03-18,2023-07-10,Active,Paid,Monthly
SUB000922,CUST01209,Basic,999,2022-09-28,2023-08-24,Active,Paid,Annual
SUB000923,CUST01210,Enterprise,7999,2023-05-09,2023-11-05,Churned,Paid,Monthly
SUB000924,CUST01211,Basic,999,2022-06-02,2022-09-10,Upgraded,Paid,Monthly
SUB000925,CUST01211,Professional,2999,2022-09-10,2022-09-30,Churned,Failed,Annual
SUB000926,CUST01212,Professional,2999,2022-10-30,2023-04-28,Churned,Failed,Monthly
SUB000927,CUST01213,Basic,999,2023-04-29,2023-08-24,Upgraded,Paid,Monthly
SUB000928,CUST01213,Professional,2999,2023-08-24,2024-09-20,Active,Failed,Annual
SUB000929,CUST01214,Professional,2999,2022-10-01,2022-10-31,Churned,Paid,Annual
SUB000930,CUST01215,Professional,2999,2022-06-14,2024-12-31,Active,Failed,Annual
SUB000931,CUST01217,Basic,999,2022-03-12,2024-03-01,Churned,Paid,Annual
SUB000932,CUST01218,Professional,2999,2022-11-03,2024-01-27,Active,Paid,Annual
SUB000933,CUST01220,Basic,999,2023-10-17,2024-12-31,Active,Paid,Monthly
SUB000934,CUST01221,Enterprise,7999,2023-03-29,2024-12-31,Active,Paid,Annual
SUB000935,CUST01222,Basic,999,2022-10-08,2023-07-05,Active,Paid,Monthly
SUB000936,CUST01225,Basic,999,2023-08-24,2023-10-26,Upgraded,Paid,Annual
SUB000937,CUST01225,Professional,2999,2023-10-26,2024-12-31,Active,Paid,Monthly
SUB000938,CUST01227,Basic,999,2022-07-23,2023-03-20,Active,Pending,Monthly
SUB000939,CUST01228,Basic,999,2022-07-06,2023-07-31,Active,Paid,Annual
SUB000940,CUST01229,Enterprise,7999,2023-06-08,2023-09-06,Churned,Paid,Annual
SUB000941,CUST01230,Basic,999,2023-06-23,2023-10-26,Upgraded,Paid,Annual
SUB000942,CUST01230,Professional,2999,2023-10-26,2024-12-31,Active,Pending,Monthly
SUB000943,CUST01232,Basic,999,2023-06-12,2024-12-31,Active,Paid,Monthly
SUB000944,CUST01233,Basic,999,2022-12-01,2024-04-24,Active,Failed,Annual
SUB000945,CUST01235,Professional,2999,2022-02-20,2022-06-04,Upgraded,Paid,Annual
SUB000946,CUST01235,Enterprise,7999,2022-06-04,2023-07-15,Active,Paid,Annual
SUB000947,CUST01236,Basic,999,2022-04-30,2024-12-31,Active,Paid,Monthly
SUB000948,CUST01237,Enterprise,7999,2023-03-07,2024-10-27,Active,Paid,Annual
SUB000949,CUST01240,Basic,999,2022-09-20,2023-02-20,Upgraded,Paid,Annual
SUB000950,CUST01240,Professional,2999,2023-02-20,2023-12-14,Active,Paid,Annual
SUB000951,CUST01242,Professional,2999,2023-09-10,2024-12-31,Active,Paid,Monthly
SUB000952,CUST01244,Enterprise,7999,2022-03-05,2023-06-28,Churned,Paid,Annual
SUB000953,CUST01245,Professional,2999,2022-03-01,2023-09-22,Churned,Paid,Monthly
SUB000954,CUST01247,Basic,999,2023-05-31,2024-12-31,Active,Failed,Annual
SUB000955,CUST01248,Basic,999,2023-09-24,2024-12-17,Churned,Paid,Monthly
SUB000956,CUST01249,Enterprise,7999,2023-11-11,2024-12-05,Churned,Paid,Annual
SUB000957,CUST01251,Professional,2999,2023-05-23,2024-03-18,Churned,Paid,Annual
SUB000958,CUST01252,Professional,2999,2022-11-15,2024-12-31,Active,Paid,Monthly
SUB000959,CUST01253,Basic,999,2023-07-12,2024-05-07,Active,Paid,Annual
SUB000960,CUST01254,Basic,999,2022-01-25,2023-11-16,Churned,Pending,Annual
SUB000961,CUST01255,Professional,2999,2022-05-19,2024-04-08,Churned,Paid,Monthly
SUB000962,CUST01258,Professional,2999,2022-10-28,2023-07-25,Churned,Paid,Monthly
SUB000963,CUST01259,Basic,999,2023-01-22,2024-06-15,Active,Paid,Annual
SUB000964,CUST01260,Professional,2999,2023-02-27,2024-12-31,Active,Paid,Monthly
SUB000965,CUST01261,Basic,999,2023-01-17,2024-12-31,Active,Paid,Annual
SUB000966,CUST01263,Basic,999,2023-02-26,2023-06-25,Upgraded,Paid,Monthly
SUB000967,CUST01263,Professional,2999,2023-06-25,2023-04-27,Churned,Paid,Annual
SUB000968,CUST01264,Professional,2999,2022-03-23,2022-12-18,Churned,Paid,Annual
SUB000969,CUST01266,Basic,999,2023-08-11,2024-06-06,Churned,Paid,Monthly
SUB000970,CUST01267,Basic,999,2022-08-10,2024-12-31,Active,Paid,Monthly
SUB000971,CUST01268,Professional,2999,2023-01-25,2023-12-21,Active,Paid,Annual
SUB000972,CUST01271,Professional,2999,2022-04-16,2024-07-04,Active,Paid,Annual
SUB000973,CUST01273,Professional,2999,2023-06-13,2024-12-31,Active,Paid,Annual
SUB000974,CUST01274,Basic,999,2023-04-25,2023-07-30,Upgraded,Paid,Annual
SUB000975,CUST01274,Professional,2999,2023-07-30,2023-10-22,Active,Failed,Annual
SUB000976,CUST01275,Professional,2999,2023-07-29,2024-12-31,Active,Paid,Monthly
SUB000977,CUST01276,Basic,999,2022-11-13,2024-04-06,Churned,Paid,Monthly
SUB000978,CUST01277,Basic,999,2023-10-16,2024-12-31,Active,Paid,Monthly
SUB000979,CUST01278,Enterprise,7999,2023-12-28,2024-12-31,Active,Pending,Monthly
SUB000980,CUST01279,Basic,999,2023-09-28,2024-12-31,Active,Pending,Annual
SUB000981,CUST01280,Professional,2999,2022-05-09,2023-08-02,Churned,Failed,Annual
SUB000982,CUST01281,Professional,2999,2022-05-29,2022-11-09,Upgraded,Paid,Monthly
SUB000983,CUST01281,Enterprise,7999,2022-11-09,2023-03-25,Churned,Paid,Monthly
SUB000984,CUST01283,Professional,2999,2023-02-23,2023-05-23,Upgraded,Paid,Annual
SUB000985,CUST01283,Enterprise,7999,2023-05-23,2024-12-31,Active,Paid,Monthly
SUB000986,CUST01284,Basic,999,2023-02-10,2023-05-11,Churned,Paid,Monthly
SUB000987,CUST01285,Basic,999,2022-12-23,2024-04-16,Churned,Paid,Monthly
SUB000988,CUST01286,Professional,2999,2023-08-10,2023-10-09,Churned,Paid,Monthly
SUB000989,CUST01288,Basic,999,2022-06-22,2024-12-31,Active,Paid,Monthly
SUB000990,CUST01289,Basic,999,2022-08-19,2023-02-15,Active,Paid,Monthly
SUB000991,CUST01291,Basic,999,2023-06-28,2024-06-22,Active,Paid,Monthly
SUB000992,CUST01292,Basic,999,2023-03-09,2023-05-26,Upgraded,Paid,Annual
SUB000993,CUST01292,Professional,2999,2023-05-26,2024-03-03,Churned,Paid,Annual
SUB000994,CUST01293,Professional,2999,2023-06-20,2024-12-31,Active,Paid,Monthly
SUB000995,CUST01295,Enterprise,7999,2022-02-24,2022-10-22,Active,Failed,Monthly
SUB000996,CUST01296,Basic,999,2022-03-03,2022-06-07,Upgraded,Paid,Monthly
SUB000997,CUST01296,Professional,2999,2022-06-07,2024-06-20,Active,Paid,Monthly
SUB000998,CUST01297,Basic,999,2022-06-15,2023-03-12,Active,Paid,Annual
SUB000999,CUST01298,Basic,999,2024-01-13,2024-06-07,Upgraded,Paid,Monthly
SUB001000,CUST01298,Professional,2999,2024-06-07,2024-12-31,Active,Paid,Monthly
SUB001001,CUST01299,Professional,2999,2022-12-26,2024-06-18,Active,Paid,Monthly
SUB001002,CUST01300,Professional,2999,2023-05-13,2024-12-31,Active,Paid,Monthly
SUB001003,CUST01301,Basic,999,2023-07-01,2023-12-05,Upgraded,Paid,Annual
SUB001004,CUST01301,Professional,2999,2023-12-05,2024-12-31,Active,Paid,Annual
SUB001005,CUST01304,Professional,2999,2023-10-11,2024-02-11,Upgraded,Paid,Monthly
SUB001006,CUST01304,Enterprise,7999,2024-02-11,2024-05-08,Active,Paid,Annual
SUB001007,CUST01306,Enterprise,7999,2022-06-03,2024-06-22,Active,Paid,Annual
SUB001008,CUST01307,Professional,2999,2022-12-16,2024-02-09,Churned,Pending,Annual
SUB001009,CUST01308,Enterprise,7999,2023-10-20,2024-01-18,Churned,Paid,Annual
SUB001010,CUST01311,Basic,999,2023-02-15,2023-07-11,Upgraded,Paid,Annual
SUB001011,CUST01311,Professional,2999,2023-07-11,2024-07-09,Active,Paid,Monthly
SUB001012,CUST01313,Professional,2999,2022-11-17,2024-09-07,Active,Paid,Monthly
SUB001013,CUST01316,Professional,2999,2023-06-22,2024-07-16,Churned,Failed,Monthly
SUB001014,CUST01318,Professional,2999,2023-07-11,2024-12-31,Active,Paid,Monthly
SUB001015,CUST01319,Basic,999,2023-05-29,2024-05-23,Active,Paid,Annual
SUB001016,CUST01320,Basic,999,2024-01-04,2024-12-31,Active,Failed,Annual
SUB001017,CUST01321,Basic,999,2023-08-24,2024-12-31,Active,Failed,Annual
SUB001018,CUST01324,Basic,999,2022-02-14,2024-09-01,Active,Failed,Annual
SUB001019,CUST01327,Basic,999,2023-12-08,2024-12-31,Active,Paid,Annual
SUB001020,CUST01329,Professional,2999,2023-03-23,2024-12-31,Active,Paid,Annual
SUB001021,CUST01331,Professional,2999,2022-11-29,2023-08-26,Churned,Pending,Monthly
SUB001022,CUST01332,Professional,2999,2023-12-21,2024-05-23,Upgraded,Paid,Monthly
SUB001023,CUST01332,Enterprise,7999,2024-05-23,2024-10-16,Active,Paid,Monthly
SUB001024,CUST01333,Basic,999,2023-10-16,2024-04-13,Active,Paid,Annual
SUB001025,CUST01334,Enterprise,7999,2022-02-22,2023-06-17,Active,Paid,Monthly
SUB001026,CUST01335,Enterprise,7999,2023-09-22,2024-12-31,Active,Paid,Annual
SUB001027,CUST01336,Professional,2999,2023-05-11,2024-05-05,Active,Failed,Annual
SUB001028,CUST01337,Basic,999,2022-10-22,2023-12-16,Active,Paid,Monthly
SUB001029,CUST01339,Basic,999,2023-08-24,2024-03-21,Active,Paid,Monthly
SUB001030,CUST01340,Basic,999,2023-08-27,2024-12-19,Active,Pending,Annual
SUB001031,CUST01341,Basic,999,2022-09-05,2023-01-27,Upgraded,Paid,Annual
SUB001032,CUST01341,Professional,2999,2023-01-27,2023-04-03,Active,Paid,Monthly
SUB001033,CUST01342,Professional,2999,2022-03-17,2023-01-11,Active,Paid,Annual
SUB001034,CUST01345,Professional,2999,2022-07-03,2023-03-30,Active,Paid,Annual
SUB001035,CUST01346,Basic,999,2023-07-12,2024-12-31,Active,Paid,Annual
SUB001036,CUST01348,Basic,999,2023-10-13,2023-12-19,Upgraded,Paid,Annual
SUB001037,CUST01348,Professional,2999,2023-12-19,2024-12-31,Active,Paid,Annual
SUB001038,CUST01350,Basic,999,2022-06-10,2023-12-02,Active,Paid,Annual
SUB001039,CUST01352,Professional,2999,2022-09-27,2023-12-21,Active,Paid,Monthly
SUB001040,CUST01353,Basic,999,2022-02-09,2022-12-06,Active,Paid,Annual
SUB001041,CUST01355,Professional,2999,2024-01-01,2024-06-23,Upgraded,Paid,Annual
SUB001042,CUST01355,Enterprise,7999,2024-06-23,2024-12-31,Active,Paid,Annual
SUB001043,CUST01356,Enterprise,7999,2022-05-09,2023-05-04,Churned,Paid,Annual
SUB001044,CUST01357,Enterprise,7999,2022-08-09,2024-10-27,Active,Paid,Monthly
SUB001045,CUST01358,Basic,999,2022-02-05,2022-07-03,Upgraded,Paid,Monthly
SUB001046,CUST01358,Professional,2999,2022-07-03,2024-01-26,Active,Paid,Annual
SUB001047,CUST01359,Basic,999,2023-04-27,2023-08-06,Upgraded,Paid,Monthly
SUB001048,CUST01359,Professional,2999,2023-08-06,2023-10-24,Churned,Paid,Annual
SUB001049,CUST01360,Professional,2999,2022-12-14,2024-07-06,Active,Paid,Annual
SUB001050,CUST01361,Enterprise,7999,2023-03-19,2024-12-31,Active,Paid,Monthly
SUB001051,CUST01362,Basic,999,2022-06-26,2023-12-18,Active,Paid,Annual
SUB001052,CUST01364,Professional,2999,2024-01-03,2024-12-31,Active,Pending,Monthly
SUB001053,CUST01365,Professional,2999,2022-08-19,2024-06-09,Active,Paid,Annual
SUB001054,CUST01367,Professional,2999,2023-06-28,2024-04-23,Churned,Paid,Annual
SUB001055,CUST01368,Enterprise,7999,2023-10-13,2024-12-31,Active,Paid,Monthly
SUB001056,CUST01369,Basic,999,2023-05-12,2024-12-31,Active,Failed,Annual
SUB001057,CUST01370,Basic,999,2022-03-16,2023-10-07,Churned,Paid,Monthly
SUB001058,CUST01371,Enterprise,7999,2023-12-31,2024-12-31,Active,Paid,Monthly
SUB001059,CUST01372,Basic,999,2022-06-11,2022-11-20,Upgraded,Paid,Annual
SUB001060,CUST01372,Professional,2999,2022-11-20,2023-08-05,Active,Paid,Annual
SUB001061,CUST01373,Enterprise,7999,2023-06-23,2023-09-21,Churned,Paid,Annual
SUB001062,CUST01374,Professional,2999,2022-08-15,2023-11-08,Active,Paid,Annual
SUB001063,CUST01375,Basic,999,2023-08-22,2024-09-15,Churned,Paid,Annual
SUB001064,CUST01376,Enterprise,7999,2022-12-17,2024-11-06,Active,Paid,Monthly
SUB001065,CUST01377,Basic,999,2023-12-07,2024-12-31,Active,Paid,Annual
SUB001066,CUST01379,Basic,999,2023-06-30,2024-12-31,Active,Paid,Annual
SUB001067,CUST01380,Professional,2999,2023-02-07,2024-12-28,Active,Paid,Annual
SUB001068,CUST01381,Basic,999,2022-11-25,2024-12-31,Active,Paid,Monthly
SUB001069,CUST01382,Basic,999,2022-07-25,2023-05-21,Active,Paid,Annual
SUB001070,CUST01383,Enterprise,7999,2023-05-05,2024-11-25,Active,Paid,Monthly
SUB001071,CUST01384,Basic,999,2023-07-30,2024-12-31,Active,Paid,Annual
SUB001072,CUST01386,Basic,999,2023-07-30,2024-09-22,Active,Pending,Monthly
SUB001073,CUST01388,Basic,999,2023-12-07,2024-02-08,Upgraded,Paid,Monthly
SUB001074,CUST01388,Professional,2999,2024-02-08,2024-09-02,Active,Paid,Annual
SUB001075,CUST01389,Enterprise,7999,2023-12-22,2024-12-31,Active,Failed,Annual
SUB001076,CUST01390,Professional,2999,2023-11-04,2024-06-01,Active,Paid,Annual
SUB001077,CUST01391,Basic,999,2023-12-31,2024-09-26,Churned,Pending,Annual
SUB001078,CUST01392,Basic,999,2022-10-20,2023-09-15,Active,Paid,Monthly
SUB001079,CUST01393,Basic,999,2023-09-25,2024-12-31,Active,Paid,Monthly
SUB001080,CUST01394,Professional,2999,2023-05-22,2024-01-17,Active,Paid,Annual
SUB001081,CUST01397,Basic,999,2022-10-22,2024-12-31,Active,Paid,Annual
SUB001082,CUST01398,Basic,999,2023-08-03,2024-01-30,Upgraded,Paid,Monthly
SUB001083,CUST01398,Professional,2999,2024-01-30,2024-12-31,Active,Paid,Monthly
SUB001084,CUST01399,Professional,2999,2022-11-16,2024-11-05,Churned,Paid,Monthly
SUB001085,CUST01400,Professional,2999,2022-09-11,2024-12-31,Active,Paid,Annual
SUB001086,CUST01401,Basic,999,2022-11-21,2023-07-19,Active,Paid,Monthly
SUB001087,CUST01402,Basic,999,2022-11-21,2024-03-15,Active,Paid,Annual
SUB001088,CUST01403,Basic,999,2024-01-10,2024-12-31,Active,Paid,Annual
SUB001089,CUST01404,Professional,2999,2022-08-22,2022-11-25,Upgraded,Paid,Annual
SUB001090,CUST01404,Enterprise,7999,2022-11-25,2022-12-20,Churned,Paid,Annual
SUB001091,CUST01408,Enterprise,7999,2022-12-01,2024-06-23,Churned,Paid,Annual
SUB001092,CUST01409,Professional,2999,2023-05-30,2024-02-24,Active,Paid,Annual
SUB001093,CUST01410,Enterprise,7999,2023-01-04,2024-01-29,Active,Paid,Monthly
SUB001094,CUST01411,Basic,999,2023-08-24,2024-12-31,Active,Pending,Annual
SUB001095,CUST01412,Basic,999,2022-10-27,2023-03-30,Upgraded,Paid,Monthly
SUB001096,CUST01412,Professional,2999,2023-03-30,2024-06-18,Churned,Paid,Monthly
SUB001097,CUST01414,Basic,999,2022-05-30,2023-06-24,Churned,Paid,Annual
SUB001098,CUST01415,Professional,2999,2023-09-05,2024-02-22,Upgraded,Paid,Monthly
SUB001099,CUST01415,Enterprise,7999,2024-02-22,2024-12-31,Active,Paid,Annual
SUB001100,CUST01416,Enterprise,7999,2023-12-02,2024-12-31,Active,Paid,Annual
SUB001101,CUST01417,Basic,999,2023-07-31,2024-12-31,Active,Paid,Monthly
SUB001102,CUST01418,Basic,999,2023-02-21,2024-12-31,Active,Paid,Annual
SUB001103,CUST01419,Professional,2999,2023-02-20,2024-12-31,Active,Paid,Annual
SUB001104,CUST01420,Enterprise,7999,2023-01-03,2024-02-27,Active,Paid,Annual
SUB001105,CUST01421,Basic,999,2022-06-15,2024-01-06,Active,Paid,Annual
SUB001106,CUST01423,Basic,999,2022-03-02,2024-12-16,Active,Paid,Monthly
SUB001107,CUST01425,Enterprise,7999,2022-04-20,2024-08-07,Active,Paid,Monthly
SUB001108,CUST01426,Enterprise,7999,2023-01-20,2024-12-31,Active,Paid,Annual
SUB001109,CUST01427,Basic,999,2023-04-15,2023-10-12,Active,Failed,Monthly
SUB001110,CUST01428,Enterprise,7999,2023-11-20,2024-12-31,Active,Paid,Monthly
SUB001111,CUST01429,Professional,2999,2022-10-11,2024-11-29,Active,Paid,Monthly
SUB001112,CUST01432,Professional,2999,2022-08-04,2023-04-01,Churned,Paid,Monthly
SUB001113,CUST01433,Professional,2999,2023-07-19,2024-12-31,Active,Paid,Annual
SUB001114,CUST01435,Basic,999,2023-08-24,2024-12-31,Active,Paid,Annual
SUB001115,CUST01436,Basic,999,2023-12-24,2024-12-31,Active,Paid,Annual
SUB001116,CUST01437,Basic,999,2022-10-17,2023-12-11,Churned,Paid,Annual
SUB001117,CUST01440,Professional,2999,2023-10-14,2024-12-31,Active,Paid,Monthly
SUB001118,CUST01443,Professional,2999,2022-09-26,2022-10-26,Churned,Paid,Monthly
SUB001119,CUST01444,Basic,999,2022-03-03,2022-07-30,Upgraded,Paid,Monthly
SUB001120,CUST01444,Professional,2999,2022-07-30,2023-10-24,Active,Paid,Monthly
SUB001121,CUST01445,Enterprise,7999,2023-12-11,2024-12-31,Active,Paid,Monthly
SUB001122,CUST01447,Professional,2999,2022-09-02,2023-01-12,Upgraded,Paid,Monthly
SUB001123,CUST01447,Enterprise,7999,2023-01-12,2023-08-28,Churned,Paid,Monthly
SUB001124,CUST01449,Enterprise,7999,2022-09-12,2024-04-04,Active,Paid,Annual
SUB001125,CUST01451,Professional,2999,2022-04-28,2022-09-26,Upgraded,Paid,Monthly
SUB001126,CUST01451,Enterprise,7999,2022-09-26,2024-01-18,Active,Paid,Monthly
SUB001127,CUST01452,Professional,2999,2023-03-10,2024-12-31,Active,Paid,Annual
SUB001128,CUST01456,Enterprise,7999,2023-12-15,2024-12-31,Active,Paid,Monthly
SUB001129,CUST01458,Professional,2999,2022-02-04,2024-09-21,Active,Paid,Monthly
SUB001130,CUST01459,Basic,999,2023-08-13,2024-12-31,Active,Paid,Monthly
SUB001131,CUST01460,Professional,2999,2022-06-19,2023-08-13,Active,Paid,Annual
SUB001132,CUST01461,Basic,999,2023-03-06,2024-07-28,Active,Failed,Annual
SUB001133,CUST01462,Professional,2999,2023-11-17,2024-02-26,Upgraded,Paid,Annual
SUB001134,CUST01462,Enterprise,7999,2024-02-26,2024-12-31,Active,Paid,Monthly
SUB001135,CUST01464,Professional,2999,2023-05-13,2024-12-31,Active,Paid,Annual
SUB001136,CUST01466,Basic,999,2022-08-07,2022-11-17,Upgraded,Paid,Monthly
SUB001137,CUST01466,Professional,2999,2022-11-17,2024-01-29,Churned,Paid,Annual
SUB001138,CUST01467,Enterprise,7999,2022-11-09,2024-11-28,Active,Paid,Monthly
SUB001139,CUST01468,Basic,999,2022-12-14,2024-05-07,Churned,Paid,Annual
SUB001140,CUST01473,Enterprise,7999,2023-11-14,2024-12-31,Active,Paid,Monthly
SUB001141,CUST01474,Basic,999,2023-08-23,2023-12-24,Upgraded,Paid,Annual
SUB001142,CUST01474,Professional,2999,2023-12-24,2024-10-16,Active,Paid,Annual
SUB001143,CUST01476,Professional,2999,2023-07-21,2024-06-15,Churned,Paid,Annual
SUB001144,CUST01477,Enterprise,7999,2022-03-01,2022-06-29,Churned,Paid,Monthly
SUB001145,CUST01478,Professional,2999,2022-07-23,2024-12-31,Active,Paid,Annual
SUB001146,CUST01479,Professional,2999,2023-04-03,2024-06-26,Active,Paid,Annual
SUB001147,CUST01480,Basic,999,2022-07-24,2024-12-31,Active,Paid,Annual
SUB001148,CUST01481,Enterprise,7999,2022-02-21,2023-01-17,Active,Paid,Annual
SUB001149,CUST01482,Basic,999,2023-02-21,2023-12-18,Active,Paid,Annual
SUB001150,CUST01483,Professional,2999,2023-06-13,2023-09-04,Upgraded,Paid,Monthly
SUB001151,CUST01483,Enterprise,7999,2023-09-04,2023-11-10,Churned,Paid,Annual
SUB001152,CUST01484,Basic,999,2022-07-20,2024-06-09,Churned,Paid,Monthly
SUB001153,CUST01485,Basic,999,2022-11-04,2024-12-31,Active,Paid,Annual
SUB001154,CUST01487,Basic,999,2022-01-17,2024-05-06,Active,Paid,Annual
SUB001155,CUST01488,Professional,2999,2022-11-10,2024-12-31,Active,Paid,Monthly
SUB001156,CUST01490,Basic,999,2023-09-21,2023-12-20,Churned,Paid,Annual
SUB001157,CUST01491,Basic,999,2022-05-03,2022-10-30,Churned,Paid,Annual
SUB001158,CUST01493,Basic,999,2022-11-06,2024-12-31,Active,Paid,Monthly
SUB001159,CUST01496,Professional,2999,2023-08-07,2024-01-31,Upgraded,Paid,Monthly
SUB001160,CUST01496,Enterprise,7999,2024-01-31,2024-12-31,Active,Paid,Monthly
SUB001161,CUST01497,Professional,2999,2023-06-30,2023-10-10,Upgraded,Paid,Monthly
SUB001162,CUST01497,Enterprise,7999,2023-10-10,2024-12-31,Active,Paid,Annual
SUB001163,CUST01498,Professional,2999,2023-06-15,2023-09-30,Upgraded,Paid,Monthly
SUB001164,CUST01498,Enterprise,7999,2023-09-30,2024-12-31,Active,Paid,Annual
SUB001165,CUST01499,Basic,999,2022-06-12,2022-09-10,Churned,Paid,Annual
SUB001166,CUST01500,Enterprise,7999,2023-06-16,2024-12-31,Active,Paid,Monthly
